{
  "__type__": "cc.SpriteAtlas",
  "_name": "items.plist",
  "_objFlags": 0,
  "_native": "",
  "_spriteFrames": {
    "items_0": {
      "__uuid__": "a662ab34-d89a-4620-90b3-bfd869251f0e"
    },
    "items_1": {
      "__uuid__": "67bbdc95-567c-46ce-94ad-1ede81bdc2ee"
    },
    "items_10": {
      "__uuid__": "4bdbccc2-1e55-4f44-8f05-3c782fe1fcb0"
    },
    "items_11": {
      "__uuid__": "d3c4cd40-19ca-4f2f-ac2b-b063ef140436"
    },
    "items_12": {
      "__uuid__": "61b5eeb7-1b35-4faa-b6c6-920de62e6e3e"
    },
    "items_13": {
      "__uuid__": "35998d0e-576c-40b6-a5c1-4a2cf5428f5c"
    },
    "items_14": {
      "__uuid__": "1714a004-05d1-471b-b0d9-9c51b7640638"
    },
    "items_15": {
      "__uuid__": "f2694ffa-4425-48d3-814c-7ba14bd66752"
    },
    "items_16": {
      "__uuid__": "d13c2bb0-6398-4589-bd7d-ae6b3cdf1a95"
    },
    "items_17": {
      "__uuid__": "f87f8842-8d1e-4fa9-ab72-5468f33e6f08"
    },
    "items_18": {
      "__uuid__": "7ea483d3-d286-4948-8cdb-39289cf38009"
    },
    "items_19": {
      "__uuid__": "9629e213-b1ca-4103-b38a-926cfd96a820"
    },
    "items_2": {
      "__uuid__": "95a68499-3932-4fdd-8668-a02fd156f6a5"
    },
    "items_20": {
      "__uuid__": "8ee05a73-3af8-4ac8-821f-414a0ffc8757"
    },
    "items_21": {
      "__uuid__": "df2a6395-2a6b-49ca-8dd3-d6c25abd00b8"
    },
    "items_22": {
      "__uuid__": "8a7a2b61-59ba-4669-97eb-94f59508d4e0"
    },
    "items_23": {
      "__uuid__": "0c775df3-d629-4e6a-8b0c-675cffe8c700"
    },
    "items_24": {
      "__uuid__": "8277b5a8-97f8-433a-a5bd-0d20d446fc57"
    },
    "items_25": {
      "__uuid__": "b4287e3e-d8d5-4f5c-9e04-b2724008990f"
    },
    "items_26": {
      "__uuid__": "40fcbf47-1ee1-4dc9-8597-877c376d1bd1"
    },
    "items_27": {
      "__uuid__": "843f5813-3a7c-4a27-9210-7e96702b96a3"
    },
    "items_28": {
      "__uuid__": "4626c0d2-eccb-4260-b2e4-06c7bfee8549"
    },
    "items_29": {
      "__uuid__": "75f6cf34-b0b7-4209-b5ac-a96a27b4c74f"
    },
    "items_3": {
      "__uuid__": "3a24fa4d-0482-47b3-91a1-6ed7733960c5"
    },
    "items_30": {
      "__uuid__": "cb2583e4-b131-49bf-8967-62c97d69b08d"
    },
    "items_31": {
      "__uuid__": "43a96c9c-c9e2-46ae-b962-24ebd2b5971c"
    },
    "items_32": {
      "__uuid__": "d3d485db-70cc-4be5-a356-6f4df2db9536"
    },
    "items_33": {
      "__uuid__": "62f550a0-ba4e-4de8-8802-d64ad79587a5"
    },
    "items_34": {
      "__uuid__": "102955c9-a5a6-45c6-a8ca-e59362cab40a"
    },
    "items_35": {
      "__uuid__": "90f45b41-ceac-4c10-9250-c85743bba950"
    },
    "items_36": {
      "__uuid__": "4c35d9d7-5e4c-465b-b5bd-1c6aa3aa12f5"
    },
    "items_37": {
      "__uuid__": "05d097ef-542c-40f9-a4b0-08ae275016ca"
    },
    "items_38": {
      "__uuid__": "09671014-a29b-4c01-8ee6-b47f90480f51"
    },
    "items_39": {
      "__uuid__": "7c306466-ec3b-47b6-afde-1555e24d2455"
    },
    "items_4": {
      "__uuid__": "cf8daf47-8423-479c-9a60-f123d840e009"
    },
    "items_40": {
      "__uuid__": "b9e33b79-cfba-4672-87bc-1359b964d8e7"
    },
    "items_41": {
      "__uuid__": "62e453e8-1f59-4014-b1b8-a640a0dc7555"
    },
    "items_42": {
      "__uuid__": "d9d8aa12-c051-405d-9700-3bf3fbcf92c0"
    },
    "items_43": {
      "__uuid__": "33bd305c-3a7e-46d4-9aba-bd7e1bf0d7d1"
    },
    "items_44": {
      "__uuid__": "8b267a66-d7ef-4b81-b9f9-a032821ce66b"
    },
    "items_45": {
      "__uuid__": "e2c2c037-e17f-4b53-a90b-6d749b72cb27"
    },
    "items_46": {
      "__uuid__": "4ed855bb-d274-4b2c-a6ed-073d19fbcb4c"
    },
    "items_47": {
      "__uuid__": "2641136d-1120-46c0-b611-68e7739aa257"
    },
    "items_48": {
      "__uuid__": "b137a4b6-e119-4204-b793-e55cd491f4b0"
    },
    "items_49": {
      "__uuid__": "355ccff9-e1cb-42fc-8123-6b2e6c708cb3"
    },
    "items_5": {
      "__uuid__": "a7e23b8a-38b9-4728-8e63-69d59fdae694"
    },
    "items_50": {
      "__uuid__": "fd257978-fe18-4c04-a8bf-567a320d91d2"
    },
    "items_51": {
      "__uuid__": "7ba2130d-19d3-4e28-9598-b0ff32b7ac0c"
    },
    "items_52": {
      "__uuid__": "31155416-ad56-415a-aebb-3230e1af9073"
    },
    "items_53": {
      "__uuid__": "779f74f7-5e04-4132-a00d-a4194263d769"
    },
    "items_54": {
      "__uuid__": "f39e936f-c761-42b6-9f8e-7d3b9d879db2"
    },
    "items_55": {
      "__uuid__": "71c65192-2347-4ac1-bfa2-a0c5a1886132"
    },
    "items_56": {
      "__uuid__": "afd5774c-e9d1-4c7c-a9fe-37b07fe2f653"
    },
    "items_57": {
      "__uuid__": "0cf5cb7f-9d3f-4a78-a544-8d25e9979405"
    },
    "items_58": {
      "__uuid__": "9b749f56-d839-454d-b98e-81fb9e00908a"
    },
    "items_59": {
      "__uuid__": "789832cf-345e-4c31-a5db-d2f66b1b9fd0"
    },
    "items_6": {
      "__uuid__": "d77a76f8-fe0a-4336-8e5f-482c168ad3c3"
    },
    "items_60": {
      "__uuid__": "8d160386-a11c-4613-a0d7-e9d103fbed67"
    },
    "items_61": {
      "__uuid__": "bc0220cb-8f0d-4658-b33f-7e95856a3bf6"
    },
    "items_62": {
      "__uuid__": "2b238985-b127-447d-8702-f1c812656457"
    },
    "items_63": {
      "__uuid__": "fad74ac5-5871-4e96-a7d4-d8667dec4a2a"
    },
    "items_64": {
      "__uuid__": "f09c133e-42f4-4fae-a47a-3556ff1b1a0c"
    },
    "items_65": {
      "__uuid__": "3565d3b9-b462-42af-be39-623ce9de5f34"
    },
    "items_66": {
      "__uuid__": "74586589-061d-4131-a88b-7224aea5012b"
    },
    "items_67": {
      "__uuid__": "eda6dbf8-2b74-465e-87a9-71e3a7e101f6"
    },
    "items_68": {
      "__uuid__": "bb0cccd7-5074-41aa-979e-1a7c57b48c98"
    },
    "items_69": {
      "__uuid__": "4c74336c-7641-47da-9dff-4cff718b95fb"
    },
    "items_7": {
      "__uuid__": "6d6f81cb-2608-4e10-87f2-7cb5f5255c29"
    },
    "items_70": {
      "__uuid__": "a3af548e-edcf-4990-9dce-344bd0d9b389"
    },
    "items_71": {
      "__uuid__": "3ff39a14-faa0-46db-b360-c374bec45283"
    },
    "items_72": {
      "__uuid__": "38e0549c-3bd2-400e-8099-ab581c5d9f6c"
    },
    "items_73": {
      "__uuid__": "5bc91297-fdc0-4963-a129-b540dc09d4a5"
    },
    "items_74": {
      "__uuid__": "407021de-6071-4c4c-a4ed-047df82ffaa7"
    },
    "items_75": {
      "__uuid__": "ef3ad1c2-684b-43b4-9dfb-2af0ff04eb18"
    },
    "items_76": {
      "__uuid__": "850914e9-f635-4fd3-b523-24a6fc8ad4ec"
    },
    "items_77": {
      "__uuid__": "64bce39b-a299-4a62-b030-921b4675580f"
    },
    "items_78": {
      "__uuid__": "72a673df-8594-4261-aea8-7eb9c26f5c97"
    },
    "items_79": {
      "__uuid__": "57ac5ad2-9bf6-46ff-bd5f-8e7750f758be"
    },
    "items_8": {
      "__uuid__": "06d00a4d-9f63-4ad7-a245-91580fcd818b"
    },
    "items_80": {
      "__uuid__": "ffc80b64-601e-4f35-9b50-846c40ef9aa9"
    },
    "items_81": {
      "__uuid__": "914dbbed-52a7-4c1b-9774-7458d025493f"
    },
    "items_82": {
      "__uuid__": "9ba2febc-69c8-466a-97ee-84f250296ead"
    },
    "items_83": {
      "__uuid__": "bec78e93-8759-45c1-9457-52512fc8e231"
    },
    "items_84": {
      "__uuid__": "03acc3cc-92e9-4f59-be73-fcaeee99d4e4"
    },
    "items_85": {
      "__uuid__": "66326e5e-9ddb-40a6-b101-d67ac0f282a9"
    },
    "items_86": {
      "__uuid__": "2465bb6c-c6f6-4769-ab3f-d88046f50e13"
    },
    "items_87": {
      "__uuid__": "e5dddb0b-157c-473a-be56-d44e2577347c"
    },
    "items_88": {
      "__uuid__": "80dbb170-2763-4166-aa76-d3ab4920d399"
    },
    "items_89": {
      "__uuid__": "e9edd429-e1e9-4243-84db-27275ca454b0"
    },
    "items_9": {
      "__uuid__": "9004971c-9061-4f0d-a0ea-87c7874e1147"
    },
    "items_90": {
      "__uuid__": "18924174-bcb1-4c88-b5c9-0af3bfb59905"
    }
  }
}