{
  "__type__": "cc.SpriteAtlas",
  "_name": "tiles.plist",
  "_objFlags": 0,
  "_native": "",
  "_spriteFrames": {
    "tiles_0": {
      "__uuid__": "77f96926-c356-40ab-a9a4-1cec27edaf67"
    },
    "tiles_1": {
      "__uuid__": "7fad70d1-c400-4347-8d6b-98f43ecf1dea"
    },
    "tiles_10": {
      "__uuid__": "d351d9b4-f7eb-4a97-978d-0369064335d0"
    },
    "tiles_100": {
      "__uuid__": "f7af51dc-e344-47c8-9bc8-825b8c53fc2d"
    },
    "tiles_1000": {
      "__uuid__": "224e9dd1-5d4d-4574-93b0-588dc281e9b2"
    },
    "tiles_1001": {
      "__uuid__": "c0b70d17-b51d-4958-8ff3-4767e503e6bf"
    },
    "tiles_1002": {
      "__uuid__": "820a89e8-ffbf-4025-a0f7-6a7f37ebdeee"
    },
    "tiles_1003": {
      "__uuid__": "5c0d2020-ad5b-4286-915a-704e796fc141"
    },
    "tiles_1004": {
      "__uuid__": "29125c57-1ffd-4c76-9e0b-049dd52d4098"
    },
    "tiles_1005": {
      "__uuid__": "70afdc04-aa6d-4486-83f3-86e76dc1c79c"
    },
    "tiles_1006": {
      "__uuid__": "39d4af3a-6182-4acb-bfad-9d3a592e8444"
    },
    "tiles_1007": {
      "__uuid__": "a65744e2-baef-4d7e-801d-d0304892a0f7"
    },
    "tiles_1008": {
      "__uuid__": "84ed4006-2741-447b-a8cf-264bbece5184"
    },
    "tiles_1009": {
      "__uuid__": "0c27f42c-bc1c-46f6-abf8-b070eef54745"
    },
    "tiles_101": {
      "__uuid__": "8657eb04-7c3c-4534-bcae-e895416f6ed4"
    },
    "tiles_1010": {
      "__uuid__": "f63fc8d2-acd4-4dfa-93a2-0296ceb6164d"
    },
    "tiles_1011": {
      "__uuid__": "99775cab-0c81-4fb3-a69c-f695bdcc7d92"
    },
    "tiles_1012": {
      "__uuid__": "479be7fc-7701-4fde-a28c-23ed4266840d"
    },
    "tiles_1013": {
      "__uuid__": "f5f5cc82-b718-4c49-b085-113971fe34d3"
    },
    "tiles_1014": {
      "__uuid__": "0e4798fe-a305-4b33-a710-a9ff58595550"
    },
    "tiles_1015": {
      "__uuid__": "67abdaba-f9d4-4f4e-9d51-4b9d4fb602df"
    },
    "tiles_1016": {
      "__uuid__": "97376016-1d0b-46a6-821a-bcb8f056e6a2"
    },
    "tiles_1017": {
      "__uuid__": "b47fa931-7f8a-4a52-99bd-6aeed5801189"
    },
    "tiles_1018": {
      "__uuid__": "29e644c0-1337-4a6e-97b5-3880fad1aa5c"
    },
    "tiles_1019": {
      "__uuid__": "8a50848c-e747-45b7-a6e3-e41200ffe1ca"
    },
    "tiles_102": {
      "__uuid__": "c1e59d2d-29f1-4a92-b1eb-d95201e70eef"
    },
    "tiles_1020": {
      "__uuid__": "131b71e5-c3a3-4b32-b353-ac4e0e5c1108"
    },
    "tiles_1021": {
      "__uuid__": "e75be8d9-7be1-4413-a5b2-9e6c26498f9e"
    },
    "tiles_1022": {
      "__uuid__": "a8b49843-b3f3-4a50-814c-8e6ee50bf8d2"
    },
    "tiles_1023": {
      "__uuid__": "85cf8fe4-2b76-4bcb-aa0d-cbc054aebea2"
    },
    "tiles_1024": {
      "__uuid__": "519be76a-6aaa-45a9-8939-1bcdcac2c74f"
    },
    "tiles_1025": {
      "__uuid__": "fb0b7fc9-3a91-40ab-a150-453650393f82"
    },
    "tiles_1026": {
      "__uuid__": "32d8dfcb-bc29-435b-abc7-871b3174e52a"
    },
    "tiles_1027": {
      "__uuid__": "76d759db-fa40-4722-b3e4-0adc3e6bbe52"
    },
    "tiles_1028": {
      "__uuid__": "e8dc8189-fb75-46a2-9954-e54681fcc415"
    },
    "tiles_1029": {
      "__uuid__": "be03f518-835c-455b-a7c8-9c2ae15d13e9"
    },
    "tiles_103": {
      "__uuid__": "593edd45-60a9-4fbc-8b90-498ad1e83381"
    },
    "tiles_1030": {
      "__uuid__": "5fb5b8cd-f4e2-43fe-a24f-70e0afb3d132"
    },
    "tiles_1031": {
      "__uuid__": "7fa50dea-258f-4c04-9a42-e255d2623b11"
    },
    "tiles_1032": {
      "__uuid__": "17df3f34-ac4e-4f09-97b1-cbaa5576dd77"
    },
    "tiles_1033": {
      "__uuid__": "70f03ecc-344a-4e46-ba4d-2829144da8a5"
    },
    "tiles_1034": {
      "__uuid__": "836000df-3015-4590-acee-40de6292908b"
    },
    "tiles_1035": {
      "__uuid__": "5865f6b0-c10b-426c-a84d-ab3438910e7a"
    },
    "tiles_1036": {
      "__uuid__": "138047ce-7356-4051-8147-4eb89b43a78b"
    },
    "tiles_1037": {
      "__uuid__": "ef14a6d8-96a9-4cba-a8e1-0f7e3defaab8"
    },
    "tiles_1038": {
      "__uuid__": "2469c391-366b-4ad8-9144-b42c7ffc6909"
    },
    "tiles_1039": {
      "__uuid__": "59b32663-a323-4be0-a768-12df5d6cf02d"
    },
    "tiles_104": {
      "__uuid__": "a4a94729-db06-4e73-bf74-e672ecbbe160"
    },
    "tiles_1040": {
      "__uuid__": "e48376c3-8a74-403c-9e26-bee23234e900"
    },
    "tiles_1041": {
      "__uuid__": "c493967c-8cb9-4b92-9c2d-dd09aefbd153"
    },
    "tiles_1042": {
      "__uuid__": "959e0ee1-72ff-46f8-8934-f2e6f0fd60d5"
    },
    "tiles_105": {
      "__uuid__": "5f59eea4-6570-4d59-94f3-67f23703edb9"
    },
    "tiles_106": {
      "__uuid__": "42a154d9-1dd2-4f95-8db3-e948bb1f9fd2"
    },
    "tiles_107": {
      "__uuid__": "7ee37e4c-e48c-4232-9e2c-9f5453cff262"
    },
    "tiles_108": {
      "__uuid__": "46c27cdc-a0d7-41d8-9de2-b9c3255f957f"
    },
    "tiles_109": {
      "__uuid__": "3180ea9d-e148-4433-b09b-e5bd5c2f910e"
    },
    "tiles_11": {
      "__uuid__": "56e86ff6-9df9-40b8-87b8-bb1697925afe"
    },
    "tiles_110": {
      "__uuid__": "8a3206da-b6d8-4be4-9fbc-bf39b3d427d5"
    },
    "tiles_111": {
      "__uuid__": "3031dd68-25b3-4b8d-acfa-1029156e0471"
    },
    "tiles_112": {
      "__uuid__": "20f5fb6a-8cd4-4a25-a1ff-fa534ad0dc98"
    },
    "tiles_113": {
      "__uuid__": "428f15b5-1396-4df0-9742-146d72d70066"
    },
    "tiles_114": {
      "__uuid__": "9d4480ec-e37f-4cd2-8182-c7ae30505afa"
    },
    "tiles_115": {
      "__uuid__": "0283f75a-9a48-4966-99df-925e8101d2c2"
    },
    "tiles_116": {
      "__uuid__": "32a378d5-6865-4c4c-ac01-3fa5bdda4d79"
    },
    "tiles_117": {
      "__uuid__": "e1bfc2e9-e486-47d1-967a-d20b86d561de"
    },
    "tiles_118": {
      "__uuid__": "6d78b13b-724f-4de7-8aef-abeca40c32c6"
    },
    "tiles_119": {
      "__uuid__": "fb75a410-a095-47f9-b793-eabeea7f9bf2"
    },
    "tiles_12": {
      "__uuid__": "a9db11e2-536e-4fa4-bc8b-2841a34f5114"
    },
    "tiles_120": {
      "__uuid__": "678d1d4b-aeac-4cdb-9c0b-1dc85483fe9b"
    },
    "tiles_121": {
      "__uuid__": "06923062-639a-463d-bf96-620aef153eaa"
    },
    "tiles_122": {
      "__uuid__": "bb8d5205-0d4d-41ff-bf92-e9741c476b66"
    },
    "tiles_123": {
      "__uuid__": "52709a52-1cba-4bca-a1d2-48c668b24b78"
    },
    "tiles_124": {
      "__uuid__": "d2694a6f-cdc3-4822-975b-021e9187098a"
    },
    "tiles_125": {
      "__uuid__": "b62c17f2-7860-4718-b2b5-71b18381db9e"
    },
    "tiles_126": {
      "__uuid__": "f2f87927-e711-4539-8edd-d86dbff13db1"
    },
    "tiles_127": {
      "__uuid__": "f5349c81-fd7d-4921-8f30-20f7508c4ee0"
    },
    "tiles_128": {
      "__uuid__": "200d227b-46e5-42f4-96fd-b4d01d64e359"
    },
    "tiles_129": {
      "__uuid__": "46f91a36-e8c0-4a99-9ab0-4c1097d652b3"
    },
    "tiles_13": {
      "__uuid__": "7819e6c8-049a-4c6d-9a90-53d242a9e039"
    },
    "tiles_130": {
      "__uuid__": "c75887d3-f275-427a-903d-b8c4f137f416"
    },
    "tiles_131": {
      "__uuid__": "f42a9c86-6f92-4c33-b3bb-ec036039223f"
    },
    "tiles_132": {
      "__uuid__": "11b8240d-bd07-4997-9ff2-ef017c00b383"
    },
    "tiles_133": {
      "__uuid__": "6086fca3-ed7a-44f4-9ba0-0aa8de4f8833"
    },
    "tiles_134": {
      "__uuid__": "08d36d59-e5e9-46ca-98a8-4f1f4f76d65d"
    },
    "tiles_135": {
      "__uuid__": "7668887c-5287-4a22-b401-9acbc4771a40"
    },
    "tiles_136": {
      "__uuid__": "f0b2f48c-4242-4c9e-89d0-0658b18bf819"
    },
    "tiles_137": {
      "__uuid__": "b6f25a44-50df-4f38-ac22-c0a723725b12"
    },
    "tiles_138": {
      "__uuid__": "5a4e6a2c-1015-42b4-b6a3-bd650441b094"
    },
    "tiles_139": {
      "__uuid__": "39365c85-4298-45da-a86e-1c620fa3949f"
    },
    "tiles_14": {
      "__uuid__": "94cf5cd9-f27d-47be-bdea-9514e9c10508"
    },
    "tiles_140": {
      "__uuid__": "ad782f71-6429-489a-8bb1-d8f26ab3aef1"
    },
    "tiles_141": {
      "__uuid__": "60724a99-5d46-4724-9ab9-cb708f3aaece"
    },
    "tiles_142": {
      "__uuid__": "74900cb0-24c8-4ab8-87b3-846a83fde191"
    },
    "tiles_143": {
      "__uuid__": "799ae3b2-b002-40bd-8e17-be8bfe5ae543"
    },
    "tiles_144": {
      "__uuid__": "f80bfec6-c34b-48f2-ad38-515f28078660"
    },
    "tiles_145": {
      "__uuid__": "9e893f08-6ed0-4634-9938-cad98cd2883a"
    },
    "tiles_146": {
      "__uuid__": "13ea078c-0058-4dc3-9768-8a570b500403"
    },
    "tiles_147": {
      "__uuid__": "0ae1ae05-d0c2-411e-bdac-7f2418b39ea2"
    },
    "tiles_148": {
      "__uuid__": "cc2ceb1d-404b-42a6-a084-e99580bc9d0b"
    },
    "tiles_149": {
      "__uuid__": "d75371d8-2d5a-4905-b731-2925f0025f58"
    },
    "tiles_15": {
      "__uuid__": "a44268d4-90eb-4c7a-acbb-a9aae4fc72f0"
    },
    "tiles_150": {
      "__uuid__": "4b611ff0-30b3-4835-8dc1-1586b9a79408"
    },
    "tiles_151": {
      "__uuid__": "5f731e0f-c2e8-46e7-af53-4d09255694a9"
    },
    "tiles_152": {
      "__uuid__": "753eb8e1-574e-4139-8285-f9aa6be97ba9"
    },
    "tiles_153": {
      "__uuid__": "e02e443a-4c64-453d-8943-25b5f3c164bb"
    },
    "tiles_154": {
      "__uuid__": "a95af471-3c44-4d43-a54e-f106539105a3"
    },
    "tiles_155": {
      "__uuid__": "9e97e990-64e4-4335-ad42-018eee77e2cf"
    },
    "tiles_156": {
      "__uuid__": "3286fe91-8d9a-4aaa-8b94-c4c520400f2d"
    },
    "tiles_157": {
      "__uuid__": "0c32243e-8514-468f-b6e4-c0d0e3190040"
    },
    "tiles_158": {
      "__uuid__": "279aa8d1-31d5-498c-b92f-45ecded1416d"
    },
    "tiles_159": {
      "__uuid__": "568a1b35-7782-468c-b51d-8e13d698734f"
    },
    "tiles_16": {
      "__uuid__": "b14f89f2-4483-40db-867d-37b7492d9ae9"
    },
    "tiles_160": {
      "__uuid__": "3304191b-8816-496f-8215-fd60fb45663b"
    },
    "tiles_161": {
      "__uuid__": "a0fd44bb-7375-4ef6-a5b5-7c79bce6bb1d"
    },
    "tiles_162": {
      "__uuid__": "d74ebd47-7705-4fa0-ae4e-929cdb73af77"
    },
    "tiles_163": {
      "__uuid__": "4ec3071b-39cc-4d62-9d4d-26a24333a4b0"
    },
    "tiles_164": {
      "__uuid__": "a45cde84-5dc5-450d-b859-63f596c0b440"
    },
    "tiles_165": {
      "__uuid__": "441bfa79-b22b-4f5e-b9b0-92dffe40dc20"
    },
    "tiles_166": {
      "__uuid__": "125340ee-cfa5-41de-bd7a-684e6de5641d"
    },
    "tiles_167": {
      "__uuid__": "c103cfb3-9c1e-4411-b2d5-a55e11b32311"
    },
    "tiles_168": {
      "__uuid__": "14db1322-759c-44be-a28c-b94dd4ba9560"
    },
    "tiles_169": {
      "__uuid__": "d61f4a9f-837d-41f3-825e-eeff1563997a"
    },
    "tiles_17": {
      "__uuid__": "7b390e5f-eee2-4d8a-9b6c-c3575f73e695"
    },
    "tiles_170": {
      "__uuid__": "f6dcca9a-8332-4724-9370-e2e6b3abda76"
    },
    "tiles_171": {
      "__uuid__": "f75fca6d-2e85-4e31-bed9-77f2e1a5d288"
    },
    "tiles_172": {
      "__uuid__": "4b91ebd6-6881-4a5c-992f-269c24113a8b"
    },
    "tiles_173": {
      "__uuid__": "5cbb2f67-6efc-4755-b091-ffc868fbe862"
    },
    "tiles_174": {
      "__uuid__": "18b9ef50-34ee-4914-8925-54caccc9547a"
    },
    "tiles_175": {
      "__uuid__": "eef7b909-3554-469a-b694-c876f522b01d"
    },
    "tiles_176": {
      "__uuid__": "f2fa042d-583a-4995-8516-07f0e40a2c6b"
    },
    "tiles_177": {
      "__uuid__": "37ccb769-3696-4af4-9953-4c4ac8413eb2"
    },
    "tiles_178": {
      "__uuid__": "958e75a8-0a64-4ad8-9a3a-c746f023df50"
    },
    "tiles_179": {
      "__uuid__": "6f2143d1-4cd3-4b8c-93d0-9f928bb5cdbb"
    },
    "tiles_18": {
      "__uuid__": "8de70eca-c0a1-4634-8087-668364248f8f"
    },
    "tiles_180": {
      "__uuid__": "a32ecf89-ddc4-4cb4-a2ad-5bb67e984b02"
    },
    "tiles_181": {
      "__uuid__": "da6ff02f-7bb3-4736-a4e7-dd1965623d1a"
    },
    "tiles_182": {
      "__uuid__": "cb2c6fdd-e6dc-471d-aff9-c310c3a616ce"
    },
    "tiles_183": {
      "__uuid__": "c655ff71-49e5-4387-ad53-374c36776db4"
    },
    "tiles_184": {
      "__uuid__": "8800fdb7-4b96-46c3-81bf-d31736acea14"
    },
    "tiles_185": {
      "__uuid__": "17cf691d-6696-4b25-8583-d3cee64e5455"
    },
    "tiles_186": {
      "__uuid__": "af683a90-6bae-4ecc-9a88-074a75a23f59"
    },
    "tiles_187": {
      "__uuid__": "ff4f7e03-0f8b-49cd-a87c-5d28f3b103dc"
    },
    "tiles_188": {
      "__uuid__": "e0cc3c97-b1de-41c5-871a-ade926d87343"
    },
    "tiles_189": {
      "__uuid__": "2423a33a-b897-414a-a43a-58d1fc962969"
    },
    "tiles_19": {
      "__uuid__": "b726980f-abaf-4405-93ca-245b92df127b"
    },
    "tiles_190": {
      "__uuid__": "2d0c91be-1214-4bd5-8bf4-221fdb77d8b8"
    },
    "tiles_191": {
      "__uuid__": "ba91ac27-1428-491d-b818-bc34b8473992"
    },
    "tiles_192": {
      "__uuid__": "9da290ad-c4dc-4918-978e-b6adb47a8fb1"
    },
    "tiles_193": {
      "__uuid__": "ee142e5b-4f7b-4f58-9836-26ec191c289c"
    },
    "tiles_194": {
      "__uuid__": "699cfa9f-73f8-48a2-8b04-7946d2e851ab"
    },
    "tiles_195": {
      "__uuid__": "662345dc-a8b5-4207-b03f-02578d1dccb4"
    },
    "tiles_196": {
      "__uuid__": "1a41f25b-25b1-4afa-9884-43ebea06325d"
    },
    "tiles_197": {
      "__uuid__": "dce2b314-ae14-411a-b790-63f749be3c31"
    },
    "tiles_198": {
      "__uuid__": "7a0cdc26-904a-4646-a40e-4ff809260e2a"
    },
    "tiles_199": {
      "__uuid__": "4cbc66ef-dea7-4156-8d4e-316f7a9d184c"
    },
    "tiles_2": {
      "__uuid__": "9bfa054b-4b71-48d5-aa7d-0f04b6018c85"
    },
    "tiles_20": {
      "__uuid__": "dd122983-8b4f-4457-8ff5-8deb551f80f6"
    },
    "tiles_200": {
      "__uuid__": "f4074970-8cda-458c-a45d-7a76c4e1f04e"
    },
    "tiles_201": {
      "__uuid__": "5fe82960-6c3d-4d39-9fc4-0bb825a5fcb0"
    },
    "tiles_202": {
      "__uuid__": "f66cc306-c879-4fa4-ad31-bbcfd819ab88"
    },
    "tiles_203": {
      "__uuid__": "d7b4d335-e6bf-4c27-836c-6c18e24eee58"
    },
    "tiles_204": {
      "__uuid__": "9432a6b7-1fa0-4304-bffe-89a28f3e4270"
    },
    "tiles_205": {
      "__uuid__": "1dd49a79-c1c5-490e-be5f-4317032b182a"
    },
    "tiles_206": {
      "__uuid__": "b9e31c46-b427-44a3-9d90-6f781024deda"
    },
    "tiles_207": {
      "__uuid__": "29cf9f17-5018-4bb2-a631-58089a12b991"
    },
    "tiles_208": {
      "__uuid__": "47afc920-717f-4b77-a809-c255e511f916"
    },
    "tiles_209": {
      "__uuid__": "75089af1-5dc0-4804-b3fc-6ff529d1b106"
    },
    "tiles_21": {
      "__uuid__": "e91c0c0e-6f5e-4db4-9f85-b098e2ed0302"
    },
    "tiles_210": {
      "__uuid__": "79641a82-4735-4944-b694-588ba54033f2"
    },
    "tiles_211": {
      "__uuid__": "590ba029-0116-44c4-b14c-1fbc498b0d14"
    },
    "tiles_212": {
      "__uuid__": "159f5602-e3b2-4330-a428-9287b7f075d2"
    },
    "tiles_213": {
      "__uuid__": "f8949090-c667-4bac-aebc-d1b19064f995"
    },
    "tiles_214": {
      "__uuid__": "1c60d974-3c5b-4317-9737-b8d35d3cb077"
    },
    "tiles_215": {
      "__uuid__": "f97a1f0f-1e5b-4234-98b0-5ea7432a25e1"
    },
    "tiles_216": {
      "__uuid__": "ce4d5170-d0c1-4e97-8a19-f2ffd8347dff"
    },
    "tiles_217": {
      "__uuid__": "3c25007b-0918-4acc-be10-65ca8fd5fca3"
    },
    "tiles_218": {
      "__uuid__": "0e6b835f-90f6-4c1a-b7d7-9145e97765d4"
    },
    "tiles_219": {
      "__uuid__": "efcd47c6-f2f5-4a99-beb2-a410f439d9ba"
    },
    "tiles_22": {
      "__uuid__": "902ab6c4-3b4c-4f23-863e-dd67c03af295"
    },
    "tiles_220": {
      "__uuid__": "49b38900-37d6-4f45-8cc7-85f6b7111245"
    },
    "tiles_221": {
      "__uuid__": "53c91de0-3bd8-44ff-9b2c-bee5e722b3c5"
    },
    "tiles_222": {
      "__uuid__": "59e639a6-28ba-4b71-a667-07e6160406f7"
    },
    "tiles_223": {
      "__uuid__": "2a8b2e86-05dd-4ea2-8008-08b5f1f95e1d"
    },
    "tiles_224": {
      "__uuid__": "d44a1a0f-9ba7-4e79-9b35-42f3efab0554"
    },
    "tiles_225": {
      "__uuid__": "84db68df-2ba9-4a96-b879-e1976fa0c41f"
    },
    "tiles_226": {
      "__uuid__": "2c15b2cd-d0b0-478f-87af-f05052b17c0e"
    },
    "tiles_227": {
      "__uuid__": "d1b450cb-ee93-494d-b1fd-4445e8762c75"
    },
    "tiles_228": {
      "__uuid__": "5daaa52a-2093-49d6-a4be-f1cbcd49ce8d"
    },
    "tiles_229": {
      "__uuid__": "148c899e-5269-46f5-bafe-c5d5d17c53c2"
    },
    "tiles_23": {
      "__uuid__": "7cc0d0a4-d547-4114-bbbd-2cfc0aebf632"
    },
    "tiles_230": {
      "__uuid__": "93fa79ad-8103-4cb5-b67d-19ceef55a15e"
    },
    "tiles_231": {
      "__uuid__": "eab0c42d-32fc-45f8-9c87-270cc62c2191"
    },
    "tiles_232": {
      "__uuid__": "7e2f1d55-1b66-4235-abe9-a0dcfc057007"
    },
    "tiles_233": {
      "__uuid__": "38a08add-f4ad-4837-8a76-2448d130236a"
    },
    "tiles_234": {
      "__uuid__": "0f68909f-2da1-4ca4-8770-a5531c95dcfe"
    },
    "tiles_235": {
      "__uuid__": "60488e25-bfb2-46e4-bee0-231b15e8420f"
    },
    "tiles_236": {
      "__uuid__": "8091a68b-da09-4dbf-a551-d2156231bf41"
    },
    "tiles_237": {
      "__uuid__": "b7ef221d-f938-445c-af55-f762139342fc"
    },
    "tiles_238": {
      "__uuid__": "1602f47e-1d16-4e33-8dd3-a38d6a469dbd"
    },
    "tiles_239": {
      "__uuid__": "df7e9988-6c48-468c-be71-8538f7c1dbf8"
    },
    "tiles_24": {
      "__uuid__": "3eb53f5a-4d5c-45eb-88f0-a90df00b1bc7"
    },
    "tiles_240": {
      "__uuid__": "b12b731c-5947-43e3-84b0-b73f3743f8e7"
    },
    "tiles_241": {
      "__uuid__": "8f6b9e25-c3a6-4946-bae2-38c6086f3959"
    },
    "tiles_242": {
      "__uuid__": "35747e53-2ebf-46dd-bc25-26c73c35ff18"
    },
    "tiles_243": {
      "__uuid__": "8e35fd28-c5c2-4825-bf84-bfa9aca14669"
    },
    "tiles_244": {
      "__uuid__": "a6a32196-d17f-4ccc-b706-9200d7ddd6c8"
    },
    "tiles_245": {
      "__uuid__": "d695e92d-1f55-404f-9670-97143b87b1b6"
    },
    "tiles_246": {
      "__uuid__": "aeaba2b2-8643-43d2-aafc-6ea05950cfcd"
    },
    "tiles_247": {
      "__uuid__": "c3433586-4e44-4d32-ad0b-c4b84f1299b4"
    },
    "tiles_248": {
      "__uuid__": "70fd9044-6000-4964-afbd-e4e06727dc28"
    },
    "tiles_249": {
      "__uuid__": "31e68b3b-0957-4c19-8971-62ea159b3b59"
    },
    "tiles_25": {
      "__uuid__": "e82fc062-8760-4ecf-a5d9-bba5f2269b68"
    },
    "tiles_250": {
      "__uuid__": "5376c106-3d48-4891-86d4-2840f891285b"
    },
    "tiles_251": {
      "__uuid__": "984f381b-81e6-4257-acc5-71884cd27a04"
    },
    "tiles_252": {
      "__uuid__": "d4bb07e7-059d-4f69-902b-6dafc7ab3093"
    },
    "tiles_253": {
      "__uuid__": "d851953e-0820-43d0-a95f-48b4dbfe5f65"
    },
    "tiles_254": {
      "__uuid__": "97fc8d8e-c651-4200-995b-64f3131ebc21"
    },
    "tiles_255": {
      "__uuid__": "4bfe9019-fb75-44b8-8368-571c08e22371"
    },
    "tiles_256": {
      "__uuid__": "fcc84038-55d0-4c24-b9be-b37800da084a"
    },
    "tiles_257": {
      "__uuid__": "057f8090-9bf2-46e3-b79e-4b387dfbcd42"
    },
    "tiles_258": {
      "__uuid__": "c57b1c91-0fb5-4163-831f-369755afc89a"
    },
    "tiles_259": {
      "__uuid__": "709e0a93-0e88-4f5f-8ba1-46552d02f5bc"
    },
    "tiles_26": {
      "__uuid__": "2eab9ae7-a62b-421d-b1f5-d0a395f005be"
    },
    "tiles_260": {
      "__uuid__": "13e26496-1b15-49cd-bf0e-1804fb9c5335"
    },
    "tiles_261": {
      "__uuid__": "49d0f86b-91e9-4bc5-9cc0-a5c4c3f64393"
    },
    "tiles_262": {
      "__uuid__": "32999adf-124f-4f17-80b1-ded50b122425"
    },
    "tiles_263": {
      "__uuid__": "c33b47d6-ee22-442d-964b-a8688322c7b0"
    },
    "tiles_264": {
      "__uuid__": "5f7999a3-f7cb-437b-b9be-b807c1a36e91"
    },
    "tiles_265": {
      "__uuid__": "5261cd56-b607-4006-9a2f-b1e00695c18f"
    },
    "tiles_266": {
      "__uuid__": "092ba174-8933-479d-ad33-64e55dc11f2a"
    },
    "tiles_267": {
      "__uuid__": "8ca41278-2dd7-45af-b058-64b7a1f319f3"
    },
    "tiles_268": {
      "__uuid__": "645f265d-6d2e-4474-876b-329f0c72c58b"
    },
    "tiles_269": {
      "__uuid__": "8eb4cf71-294d-4fc9-a041-5a99843f2618"
    },
    "tiles_27": {
      "__uuid__": "af19f157-cff4-431c-9bd4-6c9011e21868"
    },
    "tiles_270": {
      "__uuid__": "5dd2402e-d301-4803-9741-cdec6f9e0989"
    },
    "tiles_271": {
      "__uuid__": "22019642-9189-4179-9d5c-35254fdb755a"
    },
    "tiles_272": {
      "__uuid__": "0e106d40-4cdb-4fc3-8153-444b37e96ecf"
    },
    "tiles_273": {
      "__uuid__": "dc4b5899-220b-41ae-aa65-e2762a690404"
    },
    "tiles_274": {
      "__uuid__": "fa1d8602-6036-4372-a3d6-e475f469a884"
    },
    "tiles_275": {
      "__uuid__": "0602801b-7cd7-4e25-9363-ef607af5daeb"
    },
    "tiles_276": {
      "__uuid__": "97e4cfa1-7b92-4189-9e45-42f8110f9270"
    },
    "tiles_277": {
      "__uuid__": "a5d7d813-b40f-4ab2-9531-3d7837183e99"
    },
    "tiles_278": {
      "__uuid__": "7e5fe3af-c0cf-4fc1-88b9-735862073fcc"
    },
    "tiles_279": {
      "__uuid__": "43cbe139-bd59-4cd1-ab1f-ba7cc89d11c9"
    },
    "tiles_28": {
      "__uuid__": "cd255a97-b88c-499b-b29f-f04f07b79502"
    },
    "tiles_280": {
      "__uuid__": "a94c4102-21b2-4f8e-b765-92ef101e34ab"
    },
    "tiles_281": {
      "__uuid__": "cbcb3c78-d315-4351-b214-07bdc95c0342"
    },
    "tiles_282": {
      "__uuid__": "37c9ecad-f633-4a9e-b821-5a28e36fbc1a"
    },
    "tiles_283": {
      "__uuid__": "2c4ec102-56af-4a94-857e-077eb949c84f"
    },
    "tiles_284": {
      "__uuid__": "cf5a1ae5-52c4-4ff8-9501-68407ade030d"
    },
    "tiles_285": {
      "__uuid__": "6207348e-5d9f-43f3-a1bf-83eca004174c"
    },
    "tiles_286": {
      "__uuid__": "d75d0197-cbf2-4f9c-afe7-8dcd750bf16c"
    },
    "tiles_287": {
      "__uuid__": "133bacb1-a974-44d9-953e-dc5ae2fac75f"
    },
    "tiles_288": {
      "__uuid__": "e2380656-a4f1-4230-bcf9-84854641e17a"
    },
    "tiles_289": {
      "__uuid__": "6c3db089-5d85-43c2-a3d3-d46efc2ef00f"
    },
    "tiles_29": {
      "__uuid__": "82151d43-756e-4b43-843c-866ee5e42dc9"
    },
    "tiles_290": {
      "__uuid__": "f72b586b-f7bc-41e3-ba27-8b35fd9b9abf"
    },
    "tiles_291": {
      "__uuid__": "e868aa36-3a2d-4e50-862a-1e0376e0cf9f"
    },
    "tiles_292": {
      "__uuid__": "88c9e59c-5e90-4b03-840e-9431083e57a4"
    },
    "tiles_293": {
      "__uuid__": "f4593127-7f8b-474d-8d7d-0aa2968c255d"
    },
    "tiles_294": {
      "__uuid__": "241f818d-db35-4d9f-a64c-05801d543d10"
    },
    "tiles_295": {
      "__uuid__": "919dba2e-554f-469f-ab29-269b43285f01"
    },
    "tiles_296": {
      "__uuid__": "d0602aed-1d67-4546-836b-acb07784d9bf"
    },
    "tiles_297": {
      "__uuid__": "b7cde8b3-5114-40fd-8260-47ab96f9b284"
    },
    "tiles_298": {
      "__uuid__": "d8c50d22-b039-485a-b2ce-26be4805bcf2"
    },
    "tiles_299": {
      "__uuid__": "5e085479-5112-4d4e-a468-72625a593223"
    },
    "tiles_3": {
      "__uuid__": "e5a837e0-3c54-496b-b84c-39ba9ab1c1c6"
    },
    "tiles_30": {
      "__uuid__": "b4315d97-87a3-40b6-a0af-4725cf9657d0"
    },
    "tiles_300": {
      "__uuid__": "cba90b73-82d0-428e-b493-de2f8f299215"
    },
    "tiles_301": {
      "__uuid__": "48ee3b91-57aa-49bf-a0d6-02f992e4457a"
    },
    "tiles_302": {
      "__uuid__": "874d711f-cc10-40cb-9794-0c04dd65de8d"
    },
    "tiles_303": {
      "__uuid__": "50bd1b2f-17e8-4841-8d3c-1248b9dbeb0a"
    },
    "tiles_304": {
      "__uuid__": "eacbb0ba-f094-4069-82de-d58a456f8fe4"
    },
    "tiles_305": {
      "__uuid__": "3b92d4e8-b74b-4eb8-81ce-4209191d2c31"
    },
    "tiles_306": {
      "__uuid__": "4b05a138-9691-4b05-b3f2-13528b63b037"
    },
    "tiles_307": {
      "__uuid__": "07c4f338-5f31-4970-a8b1-849783aae518"
    },
    "tiles_308": {
      "__uuid__": "5c05becb-c805-4b79-b528-53be8c83340e"
    },
    "tiles_309": {
      "__uuid__": "ffebafd0-c7eb-4074-8065-91eaf896a048"
    },
    "tiles_31": {
      "__uuid__": "892cd9ce-b460-4bf4-b2cf-659089560ded"
    },
    "tiles_310": {
      "__uuid__": "6d4ff724-947e-4c0e-b0d2-cb789afd8cd3"
    },
    "tiles_311": {
      "__uuid__": "4b5d2bbe-8b10-425e-a483-6c8b2142f4d1"
    },
    "tiles_312": {
      "__uuid__": "7a0e8f90-9f16-4098-bd6a-60b06972f3e5"
    },
    "tiles_313": {
      "__uuid__": "33dcb605-2450-4fa3-a2bf-ee03857816c6"
    },
    "tiles_314": {
      "__uuid__": "9666e098-340c-44d9-82de-6d43a6bec7fe"
    },
    "tiles_315": {
      "__uuid__": "027bd7ae-9270-46aa-9b2e-e19182ac50d8"
    },
    "tiles_316": {
      "__uuid__": "367b0b84-c513-4552-b9cf-21223c753197"
    },
    "tiles_317": {
      "__uuid__": "499b37bf-39aa-480f-948e-37d440380ee5"
    },
    "tiles_318": {
      "__uuid__": "21b3f17d-b35c-4208-97d5-2d8863984085"
    },
    "tiles_319": {
      "__uuid__": "6bc4d7ad-84f4-42c5-946b-dd1a8a3c98e2"
    },
    "tiles_32": {
      "__uuid__": "0118b2e8-74e9-4376-9edf-111a4540634f"
    },
    "tiles_320": {
      "__uuid__": "de914eb2-e9bb-49d8-b1b0-a35b59ae4e3f"
    },
    "tiles_321": {
      "__uuid__": "e56168d6-7d54-4c0a-9bdc-a626bc2ea8e0"
    },
    "tiles_322": {
      "__uuid__": "a0cd7954-9d55-47ac-a01c-f7cb48d87f8b"
    },
    "tiles_323": {
      "__uuid__": "f5d1a877-c983-4259-aae7-6520945646a5"
    },
    "tiles_324": {
      "__uuid__": "1a5ffadf-da41-409b-963b-10b1cf8ded2b"
    },
    "tiles_325": {
      "__uuid__": "c6a2c596-182b-449f-a412-bea656c8a7f2"
    },
    "tiles_326": {
      "__uuid__": "a14867df-a9cc-451f-ba21-569e9af98cde"
    },
    "tiles_327": {
      "__uuid__": "6c978626-8ec1-48b1-9bbb-b5060af956a1"
    },
    "tiles_328": {
      "__uuid__": "94657a9a-7c26-4856-849b-fbc3118a7eb6"
    },
    "tiles_329": {
      "__uuid__": "13707cde-53ad-4008-935c-03fe8d06af71"
    },
    "tiles_33": {
      "__uuid__": "85b212ba-a1a6-4ab2-a97d-8028aabbf48c"
    },
    "tiles_330": {
      "__uuid__": "bafc7342-65e2-40da-9ea7-249913b2ba6e"
    },
    "tiles_331": {
      "__uuid__": "a62ffdbf-29c4-4909-9f51-e7ef3562c3fe"
    },
    "tiles_332": {
      "__uuid__": "2f511545-c4d7-440a-b464-24d731120db3"
    },
    "tiles_333": {
      "__uuid__": "849b5884-6b5e-43ba-a003-93e26952b2bf"
    },
    "tiles_334": {
      "__uuid__": "c91f4db9-2deb-4dca-aca9-e6aad6ffb8bc"
    },
    "tiles_335": {
      "__uuid__": "7e2122ed-d230-4472-b673-3671d4e6c2b7"
    },
    "tiles_336": {
      "__uuid__": "e93151f9-4713-448e-9fe0-1479a493e972"
    },
    "tiles_337": {
      "__uuid__": "6e190b9b-8e48-479f-b45a-b86a19866802"
    },
    "tiles_338": {
      "__uuid__": "a5f75304-4f91-49be-96f9-18b21ec1226b"
    },
    "tiles_339": {
      "__uuid__": "46ba458d-5bfb-4e9e-b2a2-0a2f39392f44"
    },
    "tiles_34": {
      "__uuid__": "5afdb00c-cf9d-4e0b-9fcd-35f944adfe8a"
    },
    "tiles_340": {
      "__uuid__": "55d18aeb-01a3-4ee8-aced-6cb445551042"
    },
    "tiles_341": {
      "__uuid__": "fc303e4d-eec7-4c56-ae01-3393ca0cd770"
    },
    "tiles_342": {
      "__uuid__": "d02ae79b-93c3-453f-9e5a-3d26fefc0bdc"
    },
    "tiles_343": {
      "__uuid__": "a41ff0ce-353d-458e-b78a-9de07312e5d0"
    },
    "tiles_344": {
      "__uuid__": "4f60a133-d613-4c5e-a841-35ba13311c57"
    },
    "tiles_345": {
      "__uuid__": "2636155a-2560-441e-bcb1-c711721db3a2"
    },
    "tiles_346": {
      "__uuid__": "ef2e7e75-dc00-4f78-8436-4d4d1d85684b"
    },
    "tiles_347": {
      "__uuid__": "9aecc348-3874-4fee-adc6-b2515d2b85e6"
    },
    "tiles_348": {
      "__uuid__": "f56e7cb5-2f98-4778-8346-903bfc6c0cf6"
    },
    "tiles_349": {
      "__uuid__": "93d6a504-d8b1-412e-bff4-40285733e2cf"
    },
    "tiles_35": {
      "__uuid__": "f92f447f-66b4-4f96-aadf-7bbe1a420a3a"
    },
    "tiles_350": {
      "__uuid__": "3388dc6f-25cc-4ce7-aeba-af419ccac3ec"
    },
    "tiles_351": {
      "__uuid__": "1945939e-fa7c-427a-a40a-32003b330bb4"
    },
    "tiles_352": {
      "__uuid__": "51619100-52c8-46ba-81ea-5ca234acb59b"
    },
    "tiles_353": {
      "__uuid__": "d2a19550-fad2-4e7d-98d9-c43d971b249e"
    },
    "tiles_354": {
      "__uuid__": "ccd6af9d-c32f-4dca-85a4-ae6ec3a1ef0c"
    },
    "tiles_355": {
      "__uuid__": "39a8cf2b-0f86-46ff-a41d-2cab9bb63cc4"
    },
    "tiles_356": {
      "__uuid__": "56585393-cc51-4a34-b391-8cfa552265e3"
    },
    "tiles_357": {
      "__uuid__": "186ce69e-2741-450b-8724-fe14d8ab7efb"
    },
    "tiles_358": {
      "__uuid__": "955895b9-2570-46f0-a127-282c7df533a8"
    },
    "tiles_359": {
      "__uuid__": "62d5d5fa-fc90-4648-9ec6-bbb552829cfa"
    },
    "tiles_36": {
      "__uuid__": "0d170abe-aedb-4b73-8708-24d21d19bd59"
    },
    "tiles_360": {
      "__uuid__": "ac359530-40af-4a3f-9c32-68013778e5d8"
    },
    "tiles_361": {
      "__uuid__": "74c3fa35-cd1f-44c1-9c8e-36c426580434"
    },
    "tiles_362": {
      "__uuid__": "9d48565c-bc4f-4e68-afae-6086ddb09bfd"
    },
    "tiles_363": {
      "__uuid__": "7dee256b-fc48-4439-85c3-f3b409dc7646"
    },
    "tiles_364": {
      "__uuid__": "5fe7b1c7-60c0-4f6e-8c9b-f3d7ff9abbaa"
    },
    "tiles_365": {
      "__uuid__": "92412158-7078-4cc3-b109-dbda03cdb3e5"
    },
    "tiles_366": {
      "__uuid__": "5060425b-7a9f-4d0d-be34-f5ac3e3811f9"
    },
    "tiles_367": {
      "__uuid__": "508053d0-cfa2-4ed3-8abc-466dba24c984"
    },
    "tiles_368": {
      "__uuid__": "70acc5cd-755c-4e93-8391-1321296d73ac"
    },
    "tiles_369": {
      "__uuid__": "36366e06-79bc-4fe3-a01f-9648be9c6b19"
    },
    "tiles_37": {
      "__uuid__": "21cb26d6-cd72-43de-8246-4d8de9c9ebdd"
    },
    "tiles_370": {
      "__uuid__": "c9bd4a72-8fad-4ff0-9370-78aed5c32325"
    },
    "tiles_371": {
      "__uuid__": "e2b2461a-f854-4090-b861-2ea5c5d819ba"
    },
    "tiles_372": {
      "__uuid__": "0a808369-4c34-4358-8e1a-5b245a528f31"
    },
    "tiles_373": {
      "__uuid__": "15a6264b-ffae-4d3f-8aeb-cfb1db1f0e63"
    },
    "tiles_374": {
      "__uuid__": "fb6b9921-52d5-464f-8904-e814af78e6de"
    },
    "tiles_375": {
      "__uuid__": "a08b92af-e74b-4d5f-a4ec-dfead93902eb"
    },
    "tiles_376": {
      "__uuid__": "212d74b0-1b15-4ded-a826-590d9feda138"
    },
    "tiles_377": {
      "__uuid__": "97cb0d30-2ff3-4923-902f-2d8216177445"
    },
    "tiles_378": {
      "__uuid__": "dc052179-45bd-4ef0-965b-c06b855f8614"
    },
    "tiles_379": {
      "__uuid__": "23cfe714-6cc6-45d7-8162-d5113998e6d6"
    },
    "tiles_38": {
      "__uuid__": "adc64c3e-61a7-43a6-8055-6cbdfdc01f77"
    },
    "tiles_380": {
      "__uuid__": "3aa5c45e-8c20-4a3a-be54-27aba907a9e3"
    },
    "tiles_381": {
      "__uuid__": "70e5b866-80bc-4c6e-a659-488ada0e6a35"
    },
    "tiles_382": {
      "__uuid__": "a898df59-9b44-4691-abd9-2a1d026102b3"
    },
    "tiles_383": {
      "__uuid__": "e5083aab-50fd-43de-9f8e-243f0e5dfcbb"
    },
    "tiles_384": {
      "__uuid__": "6efcb856-01ab-4c3a-94af-ec5d50a211c6"
    },
    "tiles_385": {
      "__uuid__": "e8cb432f-d5a2-4f6a-9bc3-a4227292a2b5"
    },
    "tiles_386": {
      "__uuid__": "c92fddb6-119a-448b-b12a-1ae7db8d60c0"
    },
    "tiles_387": {
      "__uuid__": "71012c93-e858-4bbc-93b9-a1b91bf4b487"
    },
    "tiles_388": {
      "__uuid__": "65c86811-05d4-48fe-a0f6-db74193fbd0c"
    },
    "tiles_389": {
      "__uuid__": "f67013bc-80ae-4ced-86cd-72b9f86d6c2c"
    },
    "tiles_39": {
      "__uuid__": "aa7dd1e4-e93c-4a72-bad9-c23b74c9ae57"
    },
    "tiles_390": {
      "__uuid__": "97f48e44-b2b2-46c4-8fe3-b4a295e4d44c"
    },
    "tiles_391": {
      "__uuid__": "5a460467-3151-4f7c-b52f-5fa94d529bfa"
    },
    "tiles_392": {
      "__uuid__": "6708b36a-43ad-43df-983a-3cf3929d16f8"
    },
    "tiles_393": {
      "__uuid__": "61d6c7b2-0168-47de-bb7f-21b5dc99b37e"
    },
    "tiles_394": {
      "__uuid__": "841544f4-9974-436c-b9ec-1d2b3fe06cb9"
    },
    "tiles_395": {
      "__uuid__": "58dae3b0-b058-4f11-b5fb-f6403df9a2e5"
    },
    "tiles_396": {
      "__uuid__": "8a713c53-3d51-4b91-a466-2cf8b58430d7"
    },
    "tiles_397": {
      "__uuid__": "f00334b4-a175-4ecc-8f06-52fd068fe7a3"
    },
    "tiles_398": {
      "__uuid__": "8c70f478-0390-4702-bb9e-4b013d6b2e28"
    },
    "tiles_399": {
      "__uuid__": "7a3eb26f-8d86-425b-b134-6afdbb89f53f"
    },
    "tiles_4": {
      "__uuid__": "afea6006-a180-49db-9552-1793e7a53196"
    },
    "tiles_40": {
      "__uuid__": "f196bcb2-2cb1-4a40-ac4f-4016892da26a"
    },
    "tiles_400": {
      "__uuid__": "92c87b50-40ad-4e07-ad84-4879d11dc0a1"
    },
    "tiles_401": {
      "__uuid__": "0f93fd6d-f899-489a-9f56-93cdae9c4c03"
    },
    "tiles_402": {
      "__uuid__": "547cace8-2245-4ca2-ad7e-d161aa2fc120"
    },
    "tiles_403": {
      "__uuid__": "c5d88f53-9e48-4f04-9803-150d67762994"
    },
    "tiles_404": {
      "__uuid__": "061e78c3-4192-48c7-9d57-3fa505e60319"
    },
    "tiles_405": {
      "__uuid__": "9cc147a6-8d02-464d-b0a6-47341c94577c"
    },
    "tiles_406": {
      "__uuid__": "76a8e457-31bd-4450-829b-ff9b308397f5"
    },
    "tiles_407": {
      "__uuid__": "6d077d21-ca5c-4697-949c-8835d0dc8b3d"
    },
    "tiles_408": {
      "__uuid__": "c4693263-71bf-4b2d-ae49-d25e0cdbe8ef"
    },
    "tiles_409": {
      "__uuid__": "7b39d900-de41-4427-9948-a83262ff41ed"
    },
    "tiles_41": {
      "__uuid__": "19ccaf19-d014-4c8f-b6c6-4e7746e0f793"
    },
    "tiles_410": {
      "__uuid__": "f477bae2-72af-4b81-9bf4-a1cfb31ae109"
    },
    "tiles_411": {
      "__uuid__": "0da66cee-70aa-48c5-b3ff-68d7c2d8f947"
    },
    "tiles_412": {
      "__uuid__": "236c605e-7f17-4060-8d84-8e5ed90f5d16"
    },
    "tiles_413": {
      "__uuid__": "5150d5ca-6ebd-4d10-af64-664d7e15882a"
    },
    "tiles_414": {
      "__uuid__": "97c5658b-1bc7-4f48-a517-31b2d3ea871b"
    },
    "tiles_415": {
      "__uuid__": "0c274f68-b7a5-4dbb-bb5e-66fedd2e8a64"
    },
    "tiles_416": {
      "__uuid__": "2c80fba2-3d9b-4437-97fa-39e0d9d3399c"
    },
    "tiles_417": {
      "__uuid__": "abeb29f5-98ac-47e7-8c29-f0a0051145b3"
    },
    "tiles_418": {
      "__uuid__": "09a101f6-8332-42eb-bdf9-87c51c8a3686"
    },
    "tiles_419": {
      "__uuid__": "a8a549ca-49c5-4ccc-bccb-0f931361d35a"
    },
    "tiles_42": {
      "__uuid__": "2fff0458-5d59-4f81-b1cf-9d011c0cca7c"
    },
    "tiles_420": {
      "__uuid__": "b5391b53-1f46-4fef-bb45-f7ac7fa36ee9"
    },
    "tiles_421": {
      "__uuid__": "c4d4f31a-6f04-4d29-889b-d24734fa7e51"
    },
    "tiles_422": {
      "__uuid__": "4a523c3d-8207-42ee-aa58-1f378f23e9fb"
    },
    "tiles_423": {
      "__uuid__": "59f6cf77-f518-46f4-a9c1-9be78591304a"
    },
    "tiles_424": {
      "__uuid__": "1604d44c-297a-4dfd-b36d-04274fb4236f"
    },
    "tiles_425": {
      "__uuid__": "a2460c7d-8872-4bb6-8fe2-d6da36af376e"
    },
    "tiles_426": {
      "__uuid__": "729560ee-e1bd-421f-8963-96233c285217"
    },
    "tiles_427": {
      "__uuid__": "248e00bf-b507-46d0-86a9-cc35ea9f74b8"
    },
    "tiles_428": {
      "__uuid__": "54a13ed2-b9a5-4d24-b110-f8b68ec1594c"
    },
    "tiles_429": {
      "__uuid__": "565c630b-56e5-4df2-8440-c1adc700580c"
    },
    "tiles_43": {
      "__uuid__": "33764701-233a-4cf1-bfc8-bce19214e8a9"
    },
    "tiles_430": {
      "__uuid__": "16e49a3f-bd17-4536-9da7-538b6351d9d0"
    },
    "tiles_431": {
      "__uuid__": "46ba96f2-e4ad-4d23-af50-a3070a1e08a0"
    },
    "tiles_432": {
      "__uuid__": "09533dc0-538d-40cb-a79a-4f0c42d862e1"
    },
    "tiles_433": {
      "__uuid__": "75eaee43-5029-4f2b-a10a-66e13596b619"
    },
    "tiles_434": {
      "__uuid__": "2d840608-1261-4d42-be62-28c386d64569"
    },
    "tiles_435": {
      "__uuid__": "27792c26-11f4-41f6-8da0-344f2eba902a"
    },
    "tiles_436": {
      "__uuid__": "182cc8f6-6a7d-478f-abe1-a4037cab81e3"
    },
    "tiles_437": {
      "__uuid__": "e2e8d13e-c02a-400b-beec-474fae7c871c"
    },
    "tiles_438": {
      "__uuid__": "dd15292f-77c7-4346-98ad-86a285382c98"
    },
    "tiles_439": {
      "__uuid__": "8e96bb31-c2a3-429b-a439-6190bdf70161"
    },
    "tiles_44": {
      "__uuid__": "c7535295-d357-4630-9285-962de71c5da5"
    },
    "tiles_440": {
      "__uuid__": "d509343e-fbfd-4d2a-8b8d-70d6343ca886"
    },
    "tiles_441": {
      "__uuid__": "f2de46b4-b222-453a-b1ee-0d27ef65bf0a"
    },
    "tiles_442": {
      "__uuid__": "7d365341-b13d-4132-a433-881f5170eac2"
    },
    "tiles_443": {
      "__uuid__": "4531f30a-fe77-4c38-a029-e57d4c1c161b"
    },
    "tiles_444": {
      "__uuid__": "666a5cec-f22b-40aa-8606-e7a6133f4923"
    },
    "tiles_445": {
      "__uuid__": "5c868e7c-9471-4f62-952d-d037958c9529"
    },
    "tiles_446": {
      "__uuid__": "ea28962f-8b7c-4293-ab8e-e0710ef4a6ab"
    },
    "tiles_447": {
      "__uuid__": "2726d0ec-c521-4b11-a888-86105baf6a31"
    },
    "tiles_448": {
      "__uuid__": "89d66abb-60cd-422b-a3b3-1291b464b8b6"
    },
    "tiles_449": {
      "__uuid__": "32fc1bb6-819b-4f8f-a7e3-7178ca5cf3c1"
    },
    "tiles_45": {
      "__uuid__": "d08c8e28-da8e-498b-8748-9805cb75de0b"
    },
    "tiles_450": {
      "__uuid__": "f47181b6-9f24-4c72-800f-51afb71676ea"
    },
    "tiles_451": {
      "__uuid__": "686ff66b-155d-4b02-b55c-188286327834"
    },
    "tiles_452": {
      "__uuid__": "1916ccb3-701f-490b-93f6-30926591fdc5"
    },
    "tiles_453": {
      "__uuid__": "624b7140-b9d5-4ca8-89e6-ce49dadf80dd"
    },
    "tiles_454": {
      "__uuid__": "81a2d77d-e56c-46d9-9252-5aaaef469741"
    },
    "tiles_455": {
      "__uuid__": "c03f0eb2-6393-4bed-80ac-9f441093a181"
    },
    "tiles_456": {
      "__uuid__": "c3143b3e-d7e0-44d5-85af-83d5970b975c"
    },
    "tiles_457": {
      "__uuid__": "65d44024-3788-43e4-98f7-64e60b05b60a"
    },
    "tiles_458": {
      "__uuid__": "a928ff3e-c7c6-4337-a8c8-2c2aa664cd2d"
    },
    "tiles_459": {
      "__uuid__": "b3dc0c8f-2d57-4adc-b8d1-1c746e92e1ad"
    },
    "tiles_46": {
      "__uuid__": "c3a0e940-d5b8-4b57-8f3a-ea8aaeb39fde"
    },
    "tiles_460": {
      "__uuid__": "510f1312-c64e-4b74-bdd3-3b214ec8ef51"
    },
    "tiles_461": {
      "__uuid__": "2bf8702d-7956-452e-808e-f753b12e23ea"
    },
    "tiles_462": {
      "__uuid__": "a345b076-bf9d-43fc-b2c3-ba89ecada4c0"
    },
    "tiles_463": {
      "__uuid__": "65bea5d2-7975-45ce-8692-dd7aa0d6178f"
    },
    "tiles_464": {
      "__uuid__": "b73b071c-31b0-496b-bb34-b6617ae3871d"
    },
    "tiles_465": {
      "__uuid__": "0ac5191b-c100-44ea-a6c5-ef457ce879f2"
    },
    "tiles_466": {
      "__uuid__": "ef695382-d11a-42f6-86ac-766e34d6f014"
    },
    "tiles_467": {
      "__uuid__": "b286a577-6fcd-4514-99d4-6bb566a1a349"
    },
    "tiles_468": {
      "__uuid__": "3d738ae6-0ba8-4626-8fbe-5b42483f3929"
    },
    "tiles_469": {
      "__uuid__": "e2e52b44-ed25-4fd8-afdf-376fe2c43e2c"
    },
    "tiles_47": {
      "__uuid__": "1010d0de-bc83-4853-b7a3-286ec307ae40"
    },
    "tiles_470": {
      "__uuid__": "4356501b-a5a9-4305-9ab5-13f560c537e8"
    },
    "tiles_471": {
      "__uuid__": "cd821ca1-7d7c-4535-99db-3699d2ec9e92"
    },
    "tiles_472": {
      "__uuid__": "ee7c3b96-9f86-468a-8c31-6fbe4c4373f6"
    },
    "tiles_473": {
      "__uuid__": "4780768a-5d17-4bf7-94ff-3a7db2afed47"
    },
    "tiles_474": {
      "__uuid__": "4b33d288-fbfc-4c6e-bf89-68019c7a9a3b"
    },
    "tiles_475": {
      "__uuid__": "3d5f5e6b-2491-4f74-95ba-005b23b2980f"
    },
    "tiles_476": {
      "__uuid__": "13e6b223-0594-4900-b722-4d3a9858a3b2"
    },
    "tiles_477": {
      "__uuid__": "f4f1caa9-7a2e-4c88-bb7f-fd9121170543"
    },
    "tiles_478": {
      "__uuid__": "ff60b351-e3d9-46c9-86eb-3b63336fe1ef"
    },
    "tiles_479": {
      "__uuid__": "31630e71-4e22-490d-b682-5a76a20b053f"
    },
    "tiles_48": {
      "__uuid__": "89fca2f7-4f8e-45e1-a4c6-62ae1ab3e103"
    },
    "tiles_480": {
      "__uuid__": "587ecd44-13c2-4c03-94ad-31a4dd8ce77a"
    },
    "tiles_481": {
      "__uuid__": "6c00a81d-52bc-4c7a-9dfe-02b0026412a9"
    },
    "tiles_482": {
      "__uuid__": "be19616f-3612-470e-b385-e903b4b03b2f"
    },
    "tiles_483": {
      "__uuid__": "c36a2cc9-3d49-422c-93bf-62cb4f330e9f"
    },
    "tiles_484": {
      "__uuid__": "ce5437dd-d9bf-4901-b871-14aded073419"
    },
    "tiles_485": {
      "__uuid__": "bcbdb40f-1aec-4070-a065-e63da2e7348d"
    },
    "tiles_486": {
      "__uuid__": "ff7385e9-7e5e-4999-80e8-96bad71ebba0"
    },
    "tiles_487": {
      "__uuid__": "e8a3374a-5a3f-42c1-ab94-18ed4e8d9e7a"
    },
    "tiles_488": {
      "__uuid__": "c5806a9c-542d-495f-ac03-401c3f64b544"
    },
    "tiles_489": {
      "__uuid__": "ebca1ac0-442a-417a-b296-588599bd9cfd"
    },
    "tiles_49": {
      "__uuid__": "ab154849-5ee7-418d-b5ae-af4025345c02"
    },
    "tiles_490": {
      "__uuid__": "830b7f67-06b2-49a5-b80f-7602a9132f8c"
    },
    "tiles_491": {
      "__uuid__": "eb7f1d7e-8d7e-47d1-be1e-35742e816a31"
    },
    "tiles_492": {
      "__uuid__": "d0c76694-683c-4413-8561-e3a645859cde"
    },
    "tiles_493": {
      "__uuid__": "b758052f-2e36-440f-b41c-f909fc0bfa61"
    },
    "tiles_494": {
      "__uuid__": "bbdace77-39b0-4d78-8fef-4528074d26ea"
    },
    "tiles_495": {
      "__uuid__": "8fa5bf56-d004-4b44-b53d-730acb214dc7"
    },
    "tiles_496": {
      "__uuid__": "bc2a25e3-1c0b-40ce-89d8-699cabf983be"
    },
    "tiles_497": {
      "__uuid__": "51d856dd-ca79-4f1c-a554-f98f6871c93e"
    },
    "tiles_498": {
      "__uuid__": "8221d4ef-ae3a-4199-852e-d27456cb262c"
    },
    "tiles_499": {
      "__uuid__": "01656bf6-2ecc-41df-b31d-4c0a6617048b"
    },
    "tiles_5": {
      "__uuid__": "188fe670-2fe2-4ba4-8cc0-cf48c181df81"
    },
    "tiles_50": {
      "__uuid__": "96fa16e2-6873-459e-bb68-0790df21d60b"
    },
    "tiles_500": {
      "__uuid__": "9d585cbc-d003-41cf-8299-f1c7ddaba859"
    },
    "tiles_501": {
      "__uuid__": "5f6e3840-c7ff-4b0f-856c-7b23706beec6"
    },
    "tiles_502": {
      "__uuid__": "58c2bddc-91cb-4e46-a150-a61201b322d9"
    },
    "tiles_503": {
      "__uuid__": "116ed1cc-d80a-43ab-9ec3-ce37d1bea660"
    },
    "tiles_504": {
      "__uuid__": "3e3ac7dc-3b3f-411f-b99c-0456d543dbeb"
    },
    "tiles_505": {
      "__uuid__": "a21e6d73-ab75-44f4-8e5a-4c5430c7a4a0"
    },
    "tiles_506": {
      "__uuid__": "7a1b8e0c-12ee-4dee-b287-b5b71b18647c"
    },
    "tiles_507": {
      "__uuid__": "d7fad9cb-cdd1-4017-a79f-d26c01ae59d6"
    },
    "tiles_508": {
      "__uuid__": "6c45ff0b-58d4-461f-8200-b8ff980ea6c4"
    },
    "tiles_509": {
      "__uuid__": "4b9439ed-76ff-40c2-8924-6269eb16278b"
    },
    "tiles_51": {
      "__uuid__": "ebddee86-a669-4089-add3-fd4b9b2fea83"
    },
    "tiles_510": {
      "__uuid__": "41547c38-984a-47c6-a71f-3ffff8d5ad51"
    },
    "tiles_511": {
      "__uuid__": "0f0f448f-df6e-47a7-971b-f23465c9b2a1"
    },
    "tiles_512": {
      "__uuid__": "06484114-21b7-4c9d-88fa-a0a1be0ffd55"
    },
    "tiles_513": {
      "__uuid__": "05e10a2e-30dc-4386-9c0c-b38addcec71b"
    },
    "tiles_514": {
      "__uuid__": "1b84e5cb-3763-44a6-b64f-2703fe467b12"
    },
    "tiles_515": {
      "__uuid__": "e9bbb3f2-2202-4c3d-9bdf-d2aad7e8b82b"
    },
    "tiles_516": {
      "__uuid__": "f46eec26-4b50-4bd9-8de8-01ebda5ace5c"
    },
    "tiles_517": {
      "__uuid__": "fbe1b8a9-4999-417c-a41e-99a0ef9e1ed3"
    },
    "tiles_518": {
      "__uuid__": "b94b09a7-e54b-4025-a0f6-c6a683c0c848"
    },
    "tiles_519": {
      "__uuid__": "2e28de53-5a59-4c49-a4fd-df26f550bfb1"
    },
    "tiles_52": {
      "__uuid__": "bb82e43b-3807-4faf-af46-3c56696095f5"
    },
    "tiles_520": {
      "__uuid__": "68aac4eb-2eb9-4fc0-ae19-843e59a0a60b"
    },
    "tiles_521": {
      "__uuid__": "2523d688-8623-4746-ae8a-5378eb53630c"
    },
    "tiles_522": {
      "__uuid__": "be660ae8-593c-4bde-829d-b91908dab56b"
    },
    "tiles_523": {
      "__uuid__": "4086cd6a-9b78-40e9-9259-c5db70fc4dd8"
    },
    "tiles_524": {
      "__uuid__": "b21ecb25-a53a-47be-8398-31a4c668c535"
    },
    "tiles_525": {
      "__uuid__": "18f2a60f-175d-4121-978d-bb44b244934e"
    },
    "tiles_526": {
      "__uuid__": "0788df85-2ad6-4f52-8497-66ed05d624e8"
    },
    "tiles_527": {
      "__uuid__": "ba0377bc-9f3b-481e-8da3-49969c370413"
    },
    "tiles_528": {
      "__uuid__": "2c6e7e8c-ad2a-4e50-a966-9cda5cee1657"
    },
    "tiles_529": {
      "__uuid__": "e4446ea6-42fc-43fe-837d-1fe9ddf85840"
    },
    "tiles_53": {
      "__uuid__": "473461a1-14d1-4a06-a734-715ca880fe6d"
    },
    "tiles_530": {
      "__uuid__": "726cd745-86e6-444a-8474-8ff4949890e5"
    },
    "tiles_531": {
      "__uuid__": "0b8e3e93-0f6a-4960-9b14-460caae73192"
    },
    "tiles_532": {
      "__uuid__": "81fdd589-89b0-4eee-8094-6a21d47d9cba"
    },
    "tiles_533": {
      "__uuid__": "fb040401-476b-4576-b7cc-e038e6a7322d"
    },
    "tiles_534": {
      "__uuid__": "50f863ed-63ed-4a4e-ad88-975802fa1632"
    },
    "tiles_535": {
      "__uuid__": "060f43f2-1dfa-465c-b34f-0ffe448a74af"
    },
    "tiles_536": {
      "__uuid__": "cf30f910-61bb-477b-83f8-6cadee0fa8e2"
    },
    "tiles_537": {
      "__uuid__": "d314c534-4006-4783-ab77-1ac0f82c79b7"
    },
    "tiles_538": {
      "__uuid__": "82c7138a-1be3-405d-8733-6f66be2d92d4"
    },
    "tiles_539": {
      "__uuid__": "b0e4754c-e1dc-4fde-a79f-fc46190cbec7"
    },
    "tiles_54": {
      "__uuid__": "a63a1e8b-b61b-40eb-a20f-88a8b95be8dd"
    },
    "tiles_540": {
      "__uuid__": "5b137e0a-cfe0-411c-8091-d44fb531d49a"
    },
    "tiles_541": {
      "__uuid__": "ea3ae24d-9d04-4ae0-9d15-fc1a305ccd8d"
    },
    "tiles_542": {
      "__uuid__": "51135353-bfb6-4606-8139-0ac37575f868"
    },
    "tiles_543": {
      "__uuid__": "a4a0cc0d-aaac-44d6-8f78-0e1253c3fe93"
    },
    "tiles_544": {
      "__uuid__": "e295348c-838a-40d3-995b-f0c224493d02"
    },
    "tiles_545": {
      "__uuid__": "64ac25dd-d652-4adc-853e-90526a93d2cd"
    },
    "tiles_546": {
      "__uuid__": "a8589f2a-cf7f-4771-8d76-f29c2cd8b4ef"
    },
    "tiles_547": {
      "__uuid__": "14aa46fe-9f15-4b93-88ff-1ddb578265ab"
    },
    "tiles_548": {
      "__uuid__": "d53ba620-e336-4087-9b50-c5b313982ba4"
    },
    "tiles_549": {
      "__uuid__": "a292afb6-9e19-47f8-abde-b3de633499fe"
    },
    "tiles_55": {
      "__uuid__": "55fef16c-a348-424c-b91e-1a63c22cf7da"
    },
    "tiles_550": {
      "__uuid__": "5dec7a05-dc20-4bf1-a164-296c3c5d1120"
    },
    "tiles_551": {
      "__uuid__": "532ed3ca-2ce5-44ab-9fb7-2f10fac8e7d7"
    },
    "tiles_552": {
      "__uuid__": "5ac224e4-4876-4ebf-942d-f1de6bd80f3c"
    },
    "tiles_553": {
      "__uuid__": "cef4e1f6-f493-4aca-9dca-36ebf4220cc5"
    },
    "tiles_554": {
      "__uuid__": "a6611bda-16f2-4652-a451-5737513b4d5d"
    },
    "tiles_555": {
      "__uuid__": "87b6e256-c55c-42f5-9204-80ad843da794"
    },
    "tiles_556": {
      "__uuid__": "f87ca5ca-fb23-4a7c-a1c7-c389097d4513"
    },
    "tiles_557": {
      "__uuid__": "4aca43a9-dd61-4aa9-a386-d2792c6e08df"
    },
    "tiles_558": {
      "__uuid__": "239031c9-014d-4dc3-be22-db88a1240f28"
    },
    "tiles_559": {
      "__uuid__": "775ee929-30c0-4dfc-b3cc-1b7514f54470"
    },
    "tiles_56": {
      "__uuid__": "12ddd287-49ec-4626-b605-fe51b3e4c6df"
    },
    "tiles_560": {
      "__uuid__": "3ed8735f-c009-42b7-a2f0-1668d0b80f89"
    },
    "tiles_561": {
      "__uuid__": "7b020bce-cf04-43ae-a7e4-3c1dbbbcefd1"
    },
    "tiles_562": {
      "__uuid__": "a1bed5b0-4a8e-4621-8610-0de58520d547"
    },
    "tiles_563": {
      "__uuid__": "f9f9a321-25ca-4125-b26d-bd5d2ac9f737"
    },
    "tiles_564": {
      "__uuid__": "c64f7645-ba5b-4dc4-9873-971dc6e343ea"
    },
    "tiles_565": {
      "__uuid__": "0715e0be-5086-4a9a-b7ab-f1da3b850b2a"
    },
    "tiles_566": {
      "__uuid__": "1e953960-8e17-47d9-945f-8f3d23044841"
    },
    "tiles_567": {
      "__uuid__": "93ffcbd4-41b8-4501-a429-f065bed69a8b"
    },
    "tiles_568": {
      "__uuid__": "97d8dbce-acf8-4360-8414-afe30e8a416b"
    },
    "tiles_569": {
      "__uuid__": "7bdc5fbb-cc14-4164-a717-283fb76345c9"
    },
    "tiles_57": {
      "__uuid__": "13520a8c-65f1-494f-9488-853414f47753"
    },
    "tiles_570": {
      "__uuid__": "16d55b5d-65dd-4e10-8f72-ef57a777cb03"
    },
    "tiles_571": {
      "__uuid__": "7c414353-fe2c-4ad7-b7b0-23417c7e1ff6"
    },
    "tiles_572": {
      "__uuid__": "79f5d9bd-7718-415f-be9f-71eb10b0f48d"
    },
    "tiles_573": {
      "__uuid__": "44972712-b1b9-4ceb-b53c-8c4ffc1a84e6"
    },
    "tiles_574": {
      "__uuid__": "f0e2272a-0322-4e42-b873-a8adbab2f9d1"
    },
    "tiles_575": {
      "__uuid__": "55305613-cade-470d-9c28-42c5eb926ab7"
    },
    "tiles_576": {
      "__uuid__": "25f5856a-991e-4543-aca8-8cb54f0fa6ac"
    },
    "tiles_577": {
      "__uuid__": "c872ec96-5bff-4118-a4a8-8adf7bfd1371"
    },
    "tiles_578": {
      "__uuid__": "30326a14-92b3-4ad4-96de-20d1bbc1f9fe"
    },
    "tiles_579": {
      "__uuid__": "203e8a0d-07bf-4600-ad0e-bb7a5d63b66f"
    },
    "tiles_58": {
      "__uuid__": "a591eeec-ceb6-4dc3-a623-e3ab44e3e0ab"
    },
    "tiles_580": {
      "__uuid__": "42aaca68-7d53-4189-abb9-0780ab81c81b"
    },
    "tiles_581": {
      "__uuid__": "21d1f334-f9c8-469d-8818-538f75947b0c"
    },
    "tiles_582": {
      "__uuid__": "61e38576-5555-45d3-8ff0-a879098941d1"
    },
    "tiles_583": {
      "__uuid__": "a2ca4201-0a12-463f-ad10-ec6367c075a0"
    },
    "tiles_584": {
      "__uuid__": "9bf5bd7e-2f2c-4dcc-b36b-8862e8080af7"
    },
    "tiles_585": {
      "__uuid__": "ffaf0f9b-21e5-4bcb-9521-d6e7ddd7dc58"
    },
    "tiles_586": {
      "__uuid__": "3f2c7922-7449-44d5-b313-c743e7e63519"
    },
    "tiles_587": {
      "__uuid__": "5daba243-fe1c-4b21-bf64-c28aa2ae0315"
    },
    "tiles_588": {
      "__uuid__": "3527735f-b7a8-4526-b549-c9b2ba666e77"
    },
    "tiles_589": {
      "__uuid__": "be3b205e-8d7d-4d9c-99f6-e4101dd374ca"
    },
    "tiles_59": {
      "__uuid__": "d80d5ffa-1523-4679-8b75-01d8c9a33961"
    },
    "tiles_590": {
      "__uuid__": "cb74fc0a-a120-4c87-bd63-44dfb4692b69"
    },
    "tiles_591": {
      "__uuid__": "7c38bd5e-114f-42dd-ba5c-55f6a376cfff"
    },
    "tiles_592": {
      "__uuid__": "fe119bcd-4c1a-44fc-bb13-d63b789cf47c"
    },
    "tiles_593": {
      "__uuid__": "18a3d065-1ca8-4c1a-924e-fa5b9f46bb0f"
    },
    "tiles_594": {
      "__uuid__": "6e88e69c-0099-46a5-a57c-df9b3bf1ef37"
    },
    "tiles_595": {
      "__uuid__": "b43e80c1-d2ed-41b5-abfa-862f2e117a4d"
    },
    "tiles_596": {
      "__uuid__": "beed9950-6bb8-4caf-b23c-44221815e85f"
    },
    "tiles_597": {
      "__uuid__": "5c36df67-bd94-44f8-83d0-f36ac2c87b4c"
    },
    "tiles_598": {
      "__uuid__": "2dc98ce8-22d0-43dd-bbd0-4a4ae91377c0"
    },
    "tiles_599": {
      "__uuid__": "f16bca11-30ee-4adc-9709-3d541daae6fa"
    },
    "tiles_6": {
      "__uuid__": "9cc57efd-32d6-46e5-9d69-aef71895a8bc"
    },
    "tiles_60": {
      "__uuid__": "f2232eb5-73ca-4bd6-a225-01ac2a28c089"
    },
    "tiles_600": {
      "__uuid__": "6077c6b9-f3f0-4270-b9a5-62ad655d6916"
    },
    "tiles_601": {
      "__uuid__": "e1d39042-94ea-4aae-9615-6a1cb3029ded"
    },
    "tiles_602": {
      "__uuid__": "69970ce0-dcd0-40f4-b0a1-718d8c815f89"
    },
    "tiles_603": {
      "__uuid__": "554a0ca3-1445-476a-92d5-b456e76c0d93"
    },
    "tiles_604": {
      "__uuid__": "d06a4096-efe1-4dd9-8725-2dd4caa5c317"
    },
    "tiles_605": {
      "__uuid__": "c6a5bf2f-51fc-4ebf-aadf-1d8a5764e673"
    },
    "tiles_606": {
      "__uuid__": "a860771a-89ff-4d3d-9742-255c2a4b3532"
    },
    "tiles_607": {
      "__uuid__": "68348117-99a9-4539-bd12-734fd93c7621"
    },
    "tiles_608": {
      "__uuid__": "8708f1ac-796e-43da-9957-1171a57a10fb"
    },
    "tiles_609": {
      "__uuid__": "6f25a1a7-ef46-45a6-a07b-81fec3d2a982"
    },
    "tiles_61": {
      "__uuid__": "baa787ae-6b11-4ad0-831c-d86747d8bec1"
    },
    "tiles_610": {
      "__uuid__": "709a8569-a0d0-4d4f-80d5-6394c51d4872"
    },
    "tiles_611": {
      "__uuid__": "857c366e-ed44-4bdd-8e73-e10d1a54c049"
    },
    "tiles_612": {
      "__uuid__": "d8869e68-58ce-40c5-b5b8-4258b6f393b0"
    },
    "tiles_613": {
      "__uuid__": "4840f69e-5fb8-4778-a218-cbfdc9ff50ca"
    },
    "tiles_614": {
      "__uuid__": "3cd74ead-a924-453a-b00d-e493d3132890"
    },
    "tiles_615": {
      "__uuid__": "8a5519c4-f84e-4613-99c7-1eaa4bf64d02"
    },
    "tiles_616": {
      "__uuid__": "1e32411f-74ca-4d58-9c27-fb036412e9a2"
    },
    "tiles_617": {
      "__uuid__": "db0db711-3651-4ef3-8b06-3613ff32ef21"
    },
    "tiles_618": {
      "__uuid__": "35db3c71-d57f-48b9-8700-04fb4f7edf1b"
    },
    "tiles_619": {
      "__uuid__": "4f5e9d8b-c184-4a18-b2a0-6da27ec20e57"
    },
    "tiles_62": {
      "__uuid__": "29c40906-ed7e-4ffe-b2c0-43eab53f5fd2"
    },
    "tiles_620": {
      "__uuid__": "1bff4580-0415-434a-ba19-878664970e61"
    },
    "tiles_621": {
      "__uuid__": "a773f1b6-21c0-4566-ae6d-da283c61c5e5"
    },
    "tiles_622": {
      "__uuid__": "56f9a408-7b78-4f72-a616-c9381589e43d"
    },
    "tiles_623": {
      "__uuid__": "94253ff0-f9bb-4fa3-a26a-50023c784554"
    },
    "tiles_624": {
      "__uuid__": "5098252b-e15f-4b43-a8d7-bb7d8555b7b2"
    },
    "tiles_625": {
      "__uuid__": "74182b7c-acf6-4743-9c73-64c4140e316b"
    },
    "tiles_626": {
      "__uuid__": "497d39bf-50ba-484e-bbd3-1c6310891b13"
    },
    "tiles_627": {
      "__uuid__": "bf294ec3-8af6-40a0-99dc-90cf465b29de"
    },
    "tiles_628": {
      "__uuid__": "2af096fc-fbf3-4dbc-9fee-2611d7117354"
    },
    "tiles_629": {
      "__uuid__": "d2f65fbf-eb1b-45c4-bb6e-f7fb5c0eb806"
    },
    "tiles_63": {
      "__uuid__": "a6cf9a5d-f1a9-4b40-b6b6-a26f4b553827"
    },
    "tiles_630": {
      "__uuid__": "2a6ca336-5f2a-43a9-9efb-3a5267df2b48"
    },
    "tiles_631": {
      "__uuid__": "f7cf012b-f974-42b8-8372-a7880f333116"
    },
    "tiles_632": {
      "__uuid__": "51165a16-ae1b-42a4-95cb-e9723049c366"
    },
    "tiles_633": {
      "__uuid__": "77eb1f94-41db-4c38-9cad-e671151b53d7"
    },
    "tiles_634": {
      "__uuid__": "f2beb809-d63b-4874-9db2-012e56df4237"
    },
    "tiles_635": {
      "__uuid__": "72ed5f40-45b0-4a87-8f6a-79285125d145"
    },
    "tiles_636": {
      "__uuid__": "e676c5f8-0939-43fb-a7d7-b056f3948599"
    },
    "tiles_637": {
      "__uuid__": "4ec46ba9-861b-4ad1-a4ad-f76ca0aa5e50"
    },
    "tiles_638": {
      "__uuid__": "10a76103-eb18-4c60-9696-940f8795b438"
    },
    "tiles_639": {
      "__uuid__": "5f15c97d-4a00-4b76-836d-badc5c1d5190"
    },
    "tiles_64": {
      "__uuid__": "c9c55550-b8e9-45cd-b5e1-65a8eea5c9f8"
    },
    "tiles_640": {
      "__uuid__": "18dd9ec8-8bcc-46ce-bee5-861433c6bd1b"
    },
    "tiles_641": {
      "__uuid__": "1d0e3d37-536f-4c19-87b5-c0fbee1ef8a9"
    },
    "tiles_642": {
      "__uuid__": "b75f108d-826d-4244-86d4-669051184d20"
    },
    "tiles_643": {
      "__uuid__": "09ea9ddf-ae05-4232-99d1-b6b2898b6852"
    },
    "tiles_644": {
      "__uuid__": "35240d47-cc96-467e-9131-82862178cab9"
    },
    "tiles_645": {
      "__uuid__": "2da72c4e-dcf7-4640-80d9-36bece8db177"
    },
    "tiles_646": {
      "__uuid__": "0d847a1f-9c1a-485a-bbbc-c31943693168"
    },
    "tiles_647": {
      "__uuid__": "481505f4-b9a2-41da-8f3d-25c72fd4798e"
    },
    "tiles_648": {
      "__uuid__": "cc9782f1-db52-4b84-84ba-cf93857db145"
    },
    "tiles_649": {
      "__uuid__": "5af6093b-630a-4c0f-815d-7342643e8a41"
    },
    "tiles_65": {
      "__uuid__": "498db5b8-bc92-4e50-9528-08863df71d23"
    },
    "tiles_650": {
      "__uuid__": "cf777235-8c3b-4564-8f89-1ffc54ef0254"
    },
    "tiles_651": {
      "__uuid__": "3f253d1b-4e5e-4250-8274-78b5dceec97b"
    },
    "tiles_652": {
      "__uuid__": "eca68483-a60f-45b4-9fc0-9d687979221e"
    },
    "tiles_653": {
      "__uuid__": "95d5fa79-c0a0-4e37-ba46-ac326e224262"
    },
    "tiles_654": {
      "__uuid__": "3dcf9a7a-fe11-436a-815a-deadb7421644"
    },
    "tiles_655": {
      "__uuid__": "5df5dfcf-e68a-4b64-a515-86dd42d30bb9"
    },
    "tiles_656": {
      "__uuid__": "38700ab7-26de-47d6-8ebd-e29c133685cb"
    },
    "tiles_657": {
      "__uuid__": "8fa6bd51-2aa3-41d4-9201-da6848f19aea"
    },
    "tiles_658": {
      "__uuid__": "7c650a3f-c630-43ed-91f6-e54072380d10"
    },
    "tiles_659": {
      "__uuid__": "e531ad75-2b8b-4e89-b62b-96f770552ad6"
    },
    "tiles_66": {
      "__uuid__": "2a932641-b9b1-45f1-b33d-747bacfc3f73"
    },
    "tiles_660": {
      "__uuid__": "dd5e0215-90ae-429a-84a6-7d7fd19ea28a"
    },
    "tiles_661": {
      "__uuid__": "4078b100-73f6-479a-93ee-ecf491fe4c29"
    },
    "tiles_662": {
      "__uuid__": "e49364d6-3129-4745-8d3a-dd612c8e377e"
    },
    "tiles_663": {
      "__uuid__": "9a625733-693e-4248-b143-5122e1009541"
    },
    "tiles_664": {
      "__uuid__": "ba51b7c1-2387-4d38-9071-52fa6c624013"
    },
    "tiles_665": {
      "__uuid__": "e002ad0b-05de-46e5-b025-49434498a89d"
    },
    "tiles_666": {
      "__uuid__": "751a2796-48b6-40be-aa57-fbaa5fc1bfae"
    },
    "tiles_667": {
      "__uuid__": "f9a0105c-03ef-4ceb-a42b-fd04b1380157"
    },
    "tiles_668": {
      "__uuid__": "df76215e-6e3c-4468-8b05-188612ed0ed1"
    },
    "tiles_669": {
      "__uuid__": "294b75e0-4ec3-4bf6-8389-881ff70c27da"
    },
    "tiles_67": {
      "__uuid__": "fe7d27f9-557e-478a-8cb6-a2b7ffb416c9"
    },
    "tiles_670": {
      "__uuid__": "39f4fee4-136c-41d8-bfce-be444215d5cf"
    },
    "tiles_671": {
      "__uuid__": "2e8711dd-e2ef-43b9-8028-8e6b322db1ff"
    },
    "tiles_672": {
      "__uuid__": "fe9b2e1c-8715-4457-a060-482867fef2c2"
    },
    "tiles_673": {
      "__uuid__": "86706261-f589-454d-a588-3b7cd6dc2253"
    },
    "tiles_674": {
      "__uuid__": "50e8be40-6f32-4c20-b210-5f8b83205117"
    },
    "tiles_675": {
      "__uuid__": "a4f31ea8-9733-4429-8c35-7b5f10f61cee"
    },
    "tiles_676": {
      "__uuid__": "b3c8e25b-b3db-4a9a-abbc-87166b09a9d5"
    },
    "tiles_677": {
      "__uuid__": "17c3dcb0-b600-40e0-a7d4-34f89f51a539"
    },
    "tiles_678": {
      "__uuid__": "885bbf68-6a7b-4a8e-9edb-c4decd7e6b22"
    },
    "tiles_679": {
      "__uuid__": "af078efb-a726-4415-b1a8-219f8ff4741c"
    },
    "tiles_68": {
      "__uuid__": "151815f5-1027-4882-b0aa-f5ec130f8b3a"
    },
    "tiles_680": {
      "__uuid__": "0358c80d-3c49-4c2b-b6dc-b6334e959018"
    },
    "tiles_681": {
      "__uuid__": "f036a014-50e1-45ed-aaa2-b1d43e1cfc40"
    },
    "tiles_682": {
      "__uuid__": "dc721b1f-b5f2-4668-bbec-4b719aa1ec30"
    },
    "tiles_683": {
      "__uuid__": "3a6fd4ee-30c7-4a7b-b30e-d3896ac5f4b7"
    },
    "tiles_684": {
      "__uuid__": "97f7bb11-cfa2-41e9-ad92-f5076c9924f1"
    },
    "tiles_685": {
      "__uuid__": "8290bd99-3e86-4871-8142-1e7d81678e37"
    },
    "tiles_686": {
      "__uuid__": "d0458ba9-a5c9-458c-9eae-1f337a515703"
    },
    "tiles_687": {
      "__uuid__": "ddb8204a-4109-4a56-8bab-085ae111ba02"
    },
    "tiles_688": {
      "__uuid__": "7d8b57fa-115b-4a5d-9350-343cbcd1c7e8"
    },
    "tiles_689": {
      "__uuid__": "0062b054-64db-4e3f-9123-f777bbf0e20d"
    },
    "tiles_69": {
      "__uuid__": "0ac6e7ab-6d57-4e77-b91b-5f61f9b4e71a"
    },
    "tiles_690": {
      "__uuid__": "f8d9325b-5b57-4a9e-b3ab-f96ccc53354a"
    },
    "tiles_691": {
      "__uuid__": "a5364458-05bd-453e-bc58-574527a3b7db"
    },
    "tiles_692": {
      "__uuid__": "7d592d82-7fcc-4136-b9a2-e3f294e4ef7d"
    },
    "tiles_693": {
      "__uuid__": "8ca9c3be-247f-4c56-bce2-c2b64e3d5e1b"
    },
    "tiles_694": {
      "__uuid__": "6a54a3d5-9560-49fe-8af7-53a71e45d8f3"
    },
    "tiles_695": {
      "__uuid__": "a2e0679e-34fb-4b22-b162-1a0d88cdcc31"
    },
    "tiles_696": {
      "__uuid__": "feb769aa-46b2-4108-859c-974c2b57f5e6"
    },
    "tiles_697": {
      "__uuid__": "356b6cfa-ad28-48c5-a773-0b72d6c824ec"
    },
    "tiles_698": {
      "__uuid__": "7f4df9e8-3e8b-4e7d-94f0-2a9ce0dbcc62"
    },
    "tiles_699": {
      "__uuid__": "0a1cd651-27c4-406a-9028-cbe34745325c"
    },
    "tiles_7": {
      "__uuid__": "17e6dd91-7b95-4954-98a4-22b9f3592e09"
    },
    "tiles_70": {
      "__uuid__": "40522ff9-869a-4262-8817-f313750004d7"
    },
    "tiles_700": {
      "__uuid__": "7628b411-e743-409f-99ec-90cbd37b26f9"
    },
    "tiles_701": {
      "__uuid__": "a0a53fc8-839b-4e73-b194-706129476c64"
    },
    "tiles_702": {
      "__uuid__": "06721b7c-f677-4015-85b0-742b75448db8"
    },
    "tiles_703": {
      "__uuid__": "6890bd0e-2b77-4d63-be59-68ceae228804"
    },
    "tiles_704": {
      "__uuid__": "f2cbe765-1582-4802-b0af-b3f977e20ba0"
    },
    "tiles_705": {
      "__uuid__": "c622c621-7315-4a1e-95dd-922df2d93ce7"
    },
    "tiles_706": {
      "__uuid__": "e52b019f-6111-4496-8d8f-d84492ad773e"
    },
    "tiles_707": {
      "__uuid__": "99ec6a67-c1b2-43ee-8228-7af1ffce1d8d"
    },
    "tiles_708": {
      "__uuid__": "572b25f7-4257-427f-bdbf-554b8d2c3e11"
    },
    "tiles_709": {
      "__uuid__": "5dafb432-6dcd-424d-80a0-bb99ef475e1e"
    },
    "tiles_71": {
      "__uuid__": "36ea8836-b7e6-42f4-bfed-d0e8c75b7d62"
    },
    "tiles_710": {
      "__uuid__": "2876f593-edf2-4a73-aa72-8316516de4af"
    },
    "tiles_711": {
      "__uuid__": "e6dccc18-2acf-4325-b295-dcc242194509"
    },
    "tiles_712": {
      "__uuid__": "e088a6f9-dca0-4579-a5e5-1687f71bafb9"
    },
    "tiles_713": {
      "__uuid__": "ea43023a-d51b-48d5-bb11-dc17468ef5e5"
    },
    "tiles_714": {
      "__uuid__": "c30ac879-d5d3-4747-899b-77592bc20447"
    },
    "tiles_715": {
      "__uuid__": "3b7f53d0-c35b-4ca7-a457-46b5fbbdbf70"
    },
    "tiles_716": {
      "__uuid__": "a5eeba74-ccad-4f09-ab6c-f82f66f5d746"
    },
    "tiles_717": {
      "__uuid__": "69bdc44a-0571-4663-8277-b74e27a2d81a"
    },
    "tiles_718": {
      "__uuid__": "bee7b834-e714-44ed-ac07-3725dd3d8531"
    },
    "tiles_719": {
      "__uuid__": "dc7d02e8-f517-4fc7-8d0a-f15dd81595d1"
    },
    "tiles_72": {
      "__uuid__": "6627ba84-fdac-4094-81ae-e189aa41454c"
    },
    "tiles_720": {
      "__uuid__": "ee3edc61-604c-480b-beb7-e1e939d53f5c"
    },
    "tiles_721": {
      "__uuid__": "8c52b0b4-cebf-4f3c-8624-eda5fd039293"
    },
    "tiles_722": {
      "__uuid__": "7929f06e-f067-4889-96ea-b8c7dc34462c"
    },
    "tiles_723": {
      "__uuid__": "1bb80a80-a674-489e-9249-7a7f81b3bc57"
    },
    "tiles_724": {
      "__uuid__": "c271f4c2-f0e4-4c45-b6f5-dbf433711d39"
    },
    "tiles_725": {
      "__uuid__": "5235773e-4c6c-40e8-8371-60c664f0aa9b"
    },
    "tiles_726": {
      "__uuid__": "22775932-1d9c-4c85-90d7-07fa91637c46"
    },
    "tiles_727": {
      "__uuid__": "1dd6cbd7-eb6b-4ebb-b335-a6e5579211d7"
    },
    "tiles_728": {
      "__uuid__": "390b527d-d743-4797-8427-1720edbdcb60"
    },
    "tiles_729": {
      "__uuid__": "a620c58c-d18d-40fd-b977-a125dcd7ae58"
    },
    "tiles_73": {
      "__uuid__": "3dad7bc5-ac98-4bc1-a409-aa213433ba28"
    },
    "tiles_730": {
      "__uuid__": "63bf00e5-bf49-4fc8-96cd-b10ae526054b"
    },
    "tiles_731": {
      "__uuid__": "8e59d788-1f30-4a83-a157-88f00a67a8c9"
    },
    "tiles_732": {
      "__uuid__": "441ba224-5bb0-4a02-81d8-77e8bc0fb5ff"
    },
    "tiles_733": {
      "__uuid__": "76e7df21-8b52-4163-9951-cf25c95e380c"
    },
    "tiles_734": {
      "__uuid__": "b4804ce5-d031-4e59-ad11-6e6feaed8756"
    },
    "tiles_735": {
      "__uuid__": "29d9490c-052c-44a3-ab7c-9d67193d4583"
    },
    "tiles_736": {
      "__uuid__": "a8d087e7-b1c5-4d5c-82b7-495a217f70b3"
    },
    "tiles_737": {
      "__uuid__": "5ea62ce2-59e0-45a2-b1d7-6ddc9758d341"
    },
    "tiles_738": {
      "__uuid__": "83b23b25-3324-46b2-9ac2-c24624f981da"
    },
    "tiles_739": {
      "__uuid__": "a3bc233f-0e39-4ed9-9e84-869076f028a1"
    },
    "tiles_74": {
      "__uuid__": "2f35a9db-a85f-4ff9-b82d-cdb09b99d84f"
    },
    "tiles_740": {
      "__uuid__": "30848bc7-45d2-4b1b-8164-a3ec63ea7044"
    },
    "tiles_741": {
      "__uuid__": "d79515d2-7dc3-4314-8da7-f41b56db5da9"
    },
    "tiles_742": {
      "__uuid__": "376bc01e-040a-4b50-9b23-59361684d810"
    },
    "tiles_743": {
      "__uuid__": "521b8570-3e54-4d30-be38-685e4be97fb5"
    },
    "tiles_744": {
      "__uuid__": "445b88c2-560c-454a-9ad3-01b0576ef71e"
    },
    "tiles_745": {
      "__uuid__": "2481042a-f64b-460e-b314-f60330e26f7e"
    },
    "tiles_746": {
      "__uuid__": "9d8ebf58-47c0-4589-8f76-80211df1056b"
    },
    "tiles_747": {
      "__uuid__": "acebf3f9-2248-49df-a1bd-71322bd2eabb"
    },
    "tiles_748": {
      "__uuid__": "098b3093-7eb3-41bf-8f91-edbcabbdbf97"
    },
    "tiles_749": {
      "__uuid__": "2018ed28-89bc-41b1-b873-5cd8390fe4ad"
    },
    "tiles_75": {
      "__uuid__": "b9fe3e2d-21b7-4f37-9071-855908cbfa23"
    },
    "tiles_750": {
      "__uuid__": "3dd51372-0788-44d5-a6cf-78a5abc52e4c"
    },
    "tiles_751": {
      "__uuid__": "9ba86f91-4db4-4b0f-b1a0-b1688357356f"
    },
    "tiles_752": {
      "__uuid__": "28bed96b-ea20-4081-aeb1-a01db24b4433"
    },
    "tiles_753": {
      "__uuid__": "93e876e5-b13d-4b8b-8263-6077247d1856"
    },
    "tiles_754": {
      "__uuid__": "63472da0-d865-470a-8668-56bf78692e06"
    },
    "tiles_755": {
      "__uuid__": "d95c2bcd-7fbe-426a-a6a1-798beeba47ae"
    },
    "tiles_756": {
      "__uuid__": "036b59fc-90aa-476b-a8a1-0c123902df7d"
    },
    "tiles_757": {
      "__uuid__": "1f7968d0-31ee-4c8b-82cc-934254e1c260"
    },
    "tiles_758": {
      "__uuid__": "ba3d2f20-f58a-4be3-b614-08b720d4ce02"
    },
    "tiles_759": {
      "__uuid__": "8e2999b6-d79d-4bca-a14e-c0d0cb45b46a"
    },
    "tiles_76": {
      "__uuid__": "d6632172-eb55-4c13-bd49-6ac6a6a5d61e"
    },
    "tiles_760": {
      "__uuid__": "2ac52a10-cadb-45bf-a817-cfc22b3ccf3c"
    },
    "tiles_761": {
      "__uuid__": "8075eb43-7271-4251-9648-22a47ad8c734"
    },
    "tiles_762": {
      "__uuid__": "8e2331d2-d1fe-47db-828e-152336bf143a"
    },
    "tiles_763": {
      "__uuid__": "3348f396-567e-44d5-8841-720dd2fb4511"
    },
    "tiles_764": {
      "__uuid__": "9b58494e-8bf1-45a4-9f42-427f32bf5dc2"
    },
    "tiles_765": {
      "__uuid__": "bcaaa0bc-5525-4a2e-8fe7-a646f9ae0310"
    },
    "tiles_766": {
      "__uuid__": "d1b683e6-0a5c-4b8f-88f4-0f5e8f081514"
    },
    "tiles_767": {
      "__uuid__": "500aa8a4-e8d3-447e-a50f-b0eea664d300"
    },
    "tiles_768": {
      "__uuid__": "c330d028-50ac-4d13-93ac-a75cc63d653f"
    },
    "tiles_769": {
      "__uuid__": "9e6a5f89-8cf1-44c0-8c92-6806ed079a6d"
    },
    "tiles_77": {
      "__uuid__": "a5abf395-ff89-42be-9997-0a3cf604b081"
    },
    "tiles_770": {
      "__uuid__": "1b5aed6c-26f7-460c-9367-822d42889742"
    },
    "tiles_771": {
      "__uuid__": "db3c14d7-4a11-4f7a-9333-583de1aaca1d"
    },
    "tiles_772": {
      "__uuid__": "9671b6b4-3f2c-4c83-b7fe-f5f17ccf2012"
    },
    "tiles_773": {
      "__uuid__": "a172ffa7-b2fa-4152-889f-3591f6c377f0"
    },
    "tiles_774": {
      "__uuid__": "8dc185ef-3b4c-4d4a-8c71-573302328a9f"
    },
    "tiles_775": {
      "__uuid__": "304efc05-a99d-4a8b-afd9-53491d16c632"
    },
    "tiles_776": {
      "__uuid__": "95e6f708-c0d6-4398-a24e-2dd9695ebd06"
    },
    "tiles_777": {
      "__uuid__": "3b551d33-f956-4f65-bac5-b6c50bf16175"
    },
    "tiles_778": {
      "__uuid__": "f90892f5-ce9f-4098-8ddf-4abfdb119212"
    },
    "tiles_779": {
      "__uuid__": "71308960-86c3-407a-9b60-49fc419901c0"
    },
    "tiles_78": {
      "__uuid__": "12b25376-3c13-407a-a291-346afb8a7155"
    },
    "tiles_780": {
      "__uuid__": "3738b777-e0c6-4a0e-9966-27c2273dce09"
    },
    "tiles_781": {
      "__uuid__": "fc8aca3a-44ed-42a1-a50f-874777f14a5a"
    },
    "tiles_782": {
      "__uuid__": "4261a835-65a1-4304-9adb-2923d5dcbd33"
    },
    "tiles_783": {
      "__uuid__": "efc83b59-f6b6-44e1-affb-c18398a99a16"
    },
    "tiles_784": {
      "__uuid__": "908f8768-1e34-48dc-b148-16013e187b6a"
    },
    "tiles_785": {
      "__uuid__": "e60e0d1b-d404-4395-abb9-dbc2807ab1b7"
    },
    "tiles_786": {
      "__uuid__": "5ad25300-a7a1-4c6b-89b5-c28eb22d49b5"
    },
    "tiles_787": {
      "__uuid__": "3b738b6b-cd39-4b7a-970f-d65f28174088"
    },
    "tiles_788": {
      "__uuid__": "becb1ac5-42db-4b1d-a4f4-435598bc20b2"
    },
    "tiles_789": {
      "__uuid__": "a871af5f-265f-4687-bd29-4de671fd8d2f"
    },
    "tiles_79": {
      "__uuid__": "a58e2ccd-61d8-4c8d-8247-cc7b24b91f63"
    },
    "tiles_790": {
      "__uuid__": "f39a61fe-57ba-4ef1-83e7-a0fa2af0e188"
    },
    "tiles_791": {
      "__uuid__": "469123eb-7a9f-4ff8-afa8-c03c94559dbd"
    },
    "tiles_792": {
      "__uuid__": "ac8eb64b-8ddf-4b8c-9399-6b0f79fdf0cf"
    },
    "tiles_793": {
      "__uuid__": "b95c6836-35ac-4b40-9adb-ba73aa352ba6"
    },
    "tiles_794": {
      "__uuid__": "59d7f742-5545-4694-af9e-38ba34467735"
    },
    "tiles_795": {
      "__uuid__": "78ca7992-6d2a-471d-9cda-fca99d23556d"
    },
    "tiles_796": {
      "__uuid__": "d39eac08-e450-49a1-9815-7357e2097770"
    },
    "tiles_797": {
      "__uuid__": "0438bc71-7441-41ff-97e1-56ac30d9c116"
    },
    "tiles_798": {
      "__uuid__": "64ea90cf-df06-4122-b663-836afb4840f8"
    },
    "tiles_799": {
      "__uuid__": "9616c6b0-3b09-4311-baa3-014037601d09"
    },
    "tiles_8": {
      "__uuid__": "071fa350-40ee-4743-9e6f-bc5ab71d6ed1"
    },
    "tiles_80": {
      "__uuid__": "17e33cba-0556-4c3a-8d07-7d370a66686f"
    },
    "tiles_800": {
      "__uuid__": "464dbee3-e3be-488a-9016-57a37cab2cc5"
    },
    "tiles_801": {
      "__uuid__": "5c77cfa3-3be6-452b-9ace-23c9742707ae"
    },
    "tiles_802": {
      "__uuid__": "9fd84b39-50ed-4a57-a817-a6271d8af0c4"
    },
    "tiles_803": {
      "__uuid__": "901b61cb-89d7-439a-9c5f-44e3ae022d1b"
    },
    "tiles_804": {
      "__uuid__": "4dc1dc1c-d149-446c-86e1-79e842af2aa1"
    },
    "tiles_805": {
      "__uuid__": "595bbeb1-b7f9-477c-a9f5-2270321cb35e"
    },
    "tiles_806": {
      "__uuid__": "4de7dcd5-ea39-42ed-a1cc-37704b740fe1"
    },
    "tiles_807": {
      "__uuid__": "d649e451-9d96-48c7-9bca-f7261d55b96e"
    },
    "tiles_808": {
      "__uuid__": "f8bc35af-b1c1-45cd-b3cc-69e3b5764adf"
    },
    "tiles_809": {
      "__uuid__": "0a95eb1a-e6c2-4994-bfad-47b437483c04"
    },
    "tiles_81": {
      "__uuid__": "8b6345c5-bca7-413a-9083-257489ff7b8a"
    },
    "tiles_810": {
      "__uuid__": "8b3a84c5-4633-4fc9-9195-1280583d2295"
    },
    "tiles_811": {
      "__uuid__": "67018789-8dec-45a7-85aa-63e4818e87d8"
    },
    "tiles_812": {
      "__uuid__": "a139dcbf-3ada-45ad-8fe9-7b0c01fdba81"
    },
    "tiles_813": {
      "__uuid__": "e2c3ab84-99ca-4015-ad97-a6895450cc0b"
    },
    "tiles_814": {
      "__uuid__": "227c2617-43f6-417e-a95f-3d0442a0976c"
    },
    "tiles_815": {
      "__uuid__": "f3e934f8-6c2b-4c91-867a-d9e668807153"
    },
    "tiles_816": {
      "__uuid__": "326f7f00-876c-41bc-9ddc-2e102f81c0bb"
    },
    "tiles_817": {
      "__uuid__": "715a338a-b5d8-4088-8861-842640da3a12"
    },
    "tiles_818": {
      "__uuid__": "0553c5da-3b81-403e-a6db-4016e29daba8"
    },
    "tiles_819": {
      "__uuid__": "629a3172-f75d-488b-badf-6725b03ad917"
    },
    "tiles_82": {
      "__uuid__": "45a6158c-1b5e-4af0-93a4-255c6dd550f7"
    },
    "tiles_820": {
      "__uuid__": "0bf6659b-902f-4072-b458-9c93ea9297aa"
    },
    "tiles_821": {
      "__uuid__": "d813b486-99ee-458b-9e56-cac39bc5cb11"
    },
    "tiles_822": {
      "__uuid__": "4850078c-0d53-43a1-9479-4cc395eeeddb"
    },
    "tiles_823": {
      "__uuid__": "355028fe-19df-46f3-ad78-6e52ed36a568"
    },
    "tiles_824": {
      "__uuid__": "6ecc2568-e50e-4444-b858-4fdae0f8be5a"
    },
    "tiles_825": {
      "__uuid__": "1acd3833-afba-460b-ae2d-290f09dd64a6"
    },
    "tiles_826": {
      "__uuid__": "1d3c9a90-3bb4-434f-906c-3fb86358c215"
    },
    "tiles_827": {
      "__uuid__": "aa815c8c-e905-4fbd-8fce-76d7bcd8a2bd"
    },
    "tiles_828": {
      "__uuid__": "4933f60b-45d0-457a-9d8f-d58f94105c02"
    },
    "tiles_829": {
      "__uuid__": "cc6f1c3a-f281-40cd-99ea-fbb635171f90"
    },
    "tiles_83": {
      "__uuid__": "43c14daa-ef33-426c-9d27-b5f79ddf99af"
    },
    "tiles_830": {
      "__uuid__": "af0cc940-22ed-4145-84a3-da6ee21c3540"
    },
    "tiles_831": {
      "__uuid__": "29253b53-dce9-488e-bf3a-b0d00d221bd2"
    },
    "tiles_832": {
      "__uuid__": "7777a1cd-5a97-4ee1-93cb-35115129e5d6"
    },
    "tiles_833": {
      "__uuid__": "c8fd4285-c94b-4172-9b6a-2544a3d9c3b7"
    },
    "tiles_834": {
      "__uuid__": "7375480a-8060-44df-b237-7c4c15e2fe5b"
    },
    "tiles_835": {
      "__uuid__": "3b220f8c-aabc-4939-8101-9e7b4169d34b"
    },
    "tiles_836": {
      "__uuid__": "7b544d5d-d821-4948-9a37-2dc39666c551"
    },
    "tiles_837": {
      "__uuid__": "3398139d-32ef-46b3-884b-804b8baecc4e"
    },
    "tiles_838": {
      "__uuid__": "2c61ce40-628e-4a82-b3fb-8fcb1a4d67f8"
    },
    "tiles_839": {
      "__uuid__": "2282865c-8ac7-44a6-8d27-3c23ba8fccf0"
    },
    "tiles_84": {
      "__uuid__": "0ee9c4a2-ac85-4701-8426-4b81394161d1"
    },
    "tiles_840": {
      "__uuid__": "e06e048d-0ee9-4f38-993f-1fb68eb51315"
    },
    "tiles_841": {
      "__uuid__": "357cbfa1-72d4-4834-8cea-ecc62b4b82de"
    },
    "tiles_842": {
      "__uuid__": "48828e49-7c50-48f1-8325-da4a7494f3f7"
    },
    "tiles_843": {
      "__uuid__": "c0479e82-a356-4f40-b099-560383b6d114"
    },
    "tiles_844": {
      "__uuid__": "dcde0a24-103d-4330-9c21-98e7ab8ed380"
    },
    "tiles_845": {
      "__uuid__": "82aaf021-07d5-405f-bd23-8669c8ca177c"
    },
    "tiles_846": {
      "__uuid__": "ccdfb04f-c782-4dcb-9a8d-e2d06a4de501"
    },
    "tiles_847": {
      "__uuid__": "b577b8f6-4870-4ee6-a5ff-74d5a2ba8e86"
    },
    "tiles_848": {
      "__uuid__": "e281bb12-abdb-4713-9ee3-cb14b4d6cb78"
    },
    "tiles_849": {
      "__uuid__": "0f6a2ee7-1dc2-45d2-843f-b9de16b8e26d"
    },
    "tiles_85": {
      "__uuid__": "99cd12bc-f15d-4869-a58a-e0c4652b91d4"
    },
    "tiles_850": {
      "__uuid__": "ab16ea32-63fb-41ad-8234-6b8b5203b60d"
    },
    "tiles_851": {
      "__uuid__": "c539d86c-dcb7-482a-b563-1c214398f54d"
    },
    "tiles_852": {
      "__uuid__": "dbcd40a0-ca93-4940-852f-54c033f51a68"
    },
    "tiles_853": {
      "__uuid__": "8addf779-cfe3-47c6-9437-548a55e48ac1"
    },
    "tiles_854": {
      "__uuid__": "ae6402ca-ccdd-49d4-814f-6d75439430db"
    },
    "tiles_855": {
      "__uuid__": "cea086a2-6e7d-4462-81a4-3e403588e83f"
    },
    "tiles_856": {
      "__uuid__": "5ac71ad4-2109-4d7b-b130-612310f0c43f"
    },
    "tiles_857": {
      "__uuid__": "0408af0b-3860-4f5e-b220-b3883e0f10f2"
    },
    "tiles_858": {
      "__uuid__": "2770bd12-3815-475f-821f-b95f06617d9e"
    },
    "tiles_859": {
      "__uuid__": "67651fbf-a2c6-49dd-a282-034b39db500b"
    },
    "tiles_86": {
      "__uuid__": "d82a83df-8e69-4ce2-9c3f-c09916a82345"
    },
    "tiles_860": {
      "__uuid__": "6f1e5bd1-1f87-48af-8460-424fb1d5571c"
    },
    "tiles_861": {
      "__uuid__": "c02fd87e-5bbf-4694-83a0-5c970390fae1"
    },
    "tiles_862": {
      "__uuid__": "805e755c-204a-4b87-8fde-55abdaf07484"
    },
    "tiles_863": {
      "__uuid__": "d862bba2-bb9e-42a0-8829-5fac604b3e1d"
    },
    "tiles_864": {
      "__uuid__": "1a6e0bc5-2022-4d10-b77d-0e44608d322b"
    },
    "tiles_865": {
      "__uuid__": "5f54ada2-6477-4e81-9958-2c2503bcc2f4"
    },
    "tiles_866": {
      "__uuid__": "0dfe425d-c7af-4ff9-a937-60b6f8bdbb88"
    },
    "tiles_867": {
      "__uuid__": "2e9e0a29-614a-4300-9fb4-d4032a4ce072"
    },
    "tiles_868": {
      "__uuid__": "00a60957-d765-4c94-a1bd-f894c3da7abb"
    },
    "tiles_869": {
      "__uuid__": "5263fb29-4264-41d5-9f18-5f3021b4d037"
    },
    "tiles_87": {
      "__uuid__": "db78d2cc-9acb-415c-8553-76d9bc366285"
    },
    "tiles_870": {
      "__uuid__": "b06664b5-eb8b-4316-8a9a-096a48b3fbac"
    },
    "tiles_871": {
      "__uuid__": "e2df88fa-c61c-4244-995b-a841fa81d375"
    },
    "tiles_872": {
      "__uuid__": "26561c63-aa2a-49a7-9ec2-8f3a457dd053"
    },
    "tiles_873": {
      "__uuid__": "d7a748f0-d603-4538-9aab-062784fa54bd"
    },
    "tiles_874": {
      "__uuid__": "3918688c-3105-45fa-add4-2539d94cfb60"
    },
    "tiles_875": {
      "__uuid__": "7dec637b-c837-4d3a-a595-4a60dcf806d0"
    },
    "tiles_876": {
      "__uuid__": "54e9f35e-7296-45db-911f-fcbbf369cb87"
    },
    "tiles_877": {
      "__uuid__": "5cb90397-81fb-4956-a216-0c9c39cd5698"
    },
    "tiles_878": {
      "__uuid__": "57be777f-4946-4db3-b2b0-fb4a383039a9"
    },
    "tiles_879": {
      "__uuid__": "398c6eb2-69f4-4bb9-b900-2564d6f3289d"
    },
    "tiles_88": {
      "__uuid__": "692100a4-97d2-4e72-a3db-5225e494f6f9"
    },
    "tiles_880": {
      "__uuid__": "3b9ddaf3-bb7c-47f8-b148-68e428cab41b"
    },
    "tiles_881": {
      "__uuid__": "8ad81371-2d4a-492e-ab4d-af451d732d80"
    },
    "tiles_882": {
      "__uuid__": "62ef0213-8e70-4a9b-859e-aa56c9e65f0d"
    },
    "tiles_883": {
      "__uuid__": "92dd57d3-0f12-4f09-a018-1683e1780a31"
    },
    "tiles_884": {
      "__uuid__": "c177d0d7-f699-42f5-806c-f0d69f46892a"
    },
    "tiles_885": {
      "__uuid__": "295e5392-90cb-4ece-b3b8-a3154270bb51"
    },
    "tiles_886": {
      "__uuid__": "c5c8ba8a-ad46-470d-8da4-81792337395b"
    },
    "tiles_887": {
      "__uuid__": "14a667f6-70f5-41d4-a091-8751bd285b70"
    },
    "tiles_888": {
      "__uuid__": "feee33ac-9911-45f1-b0f7-b1457af54032"
    },
    "tiles_889": {
      "__uuid__": "41339aad-f376-412f-8504-ba179acbff02"
    },
    "tiles_89": {
      "__uuid__": "f7d62ba8-32de-4c35-9719-fea8f7a2e3f6"
    },
    "tiles_890": {
      "__uuid__": "7bee3e96-8803-4ce7-9dbc-f46923f19c3e"
    },
    "tiles_891": {
      "__uuid__": "7b680368-ed97-486d-9925-f485a1ff8718"
    },
    "tiles_892": {
      "__uuid__": "d6f64021-4653-40bf-9043-b94419988074"
    },
    "tiles_893": {
      "__uuid__": "d972d33e-6a7d-4e33-a6bd-4b0768d61e19"
    },
    "tiles_894": {
      "__uuid__": "7c398737-c350-4a64-b120-74d7973ebd0b"
    },
    "tiles_895": {
      "__uuid__": "8332a092-d079-4e5f-b8bd-498b8dac3fb3"
    },
    "tiles_896": {
      "__uuid__": "c664c6c7-c806-49a6-98f4-0b70e37d6f5a"
    },
    "tiles_897": {
      "__uuid__": "6ddf549e-e94e-471b-81f9-257b6c7528ca"
    },
    "tiles_898": {
      "__uuid__": "ed170437-08df-44d5-b370-c7722fa264f8"
    },
    "tiles_899": {
      "__uuid__": "39e7ef47-5390-43e4-8989-e3998a9c8bce"
    },
    "tiles_9": {
      "__uuid__": "8f66347e-df7e-4298-b15c-dd843bce132d"
    },
    "tiles_90": {
      "__uuid__": "89cad11a-7ee4-45d6-9d0e-6ba1a3d09c96"
    },
    "tiles_900": {
      "__uuid__": "dc267c8a-c023-4ac9-bc0e-795ff86002e6"
    },
    "tiles_901": {
      "__uuid__": "7e5e965f-5ef0-486c-a3cf-b87349c62737"
    },
    "tiles_902": {
      "__uuid__": "7822feff-117d-41d8-9897-3b84339d32a1"
    },
    "tiles_903": {
      "__uuid__": "b0f0435d-de5d-4c4f-9b14-e1be38bdffdb"
    },
    "tiles_904": {
      "__uuid__": "f4e133d3-911b-4dfd-8a87-299ff0d56767"
    },
    "tiles_905": {
      "__uuid__": "1aa9b10a-94ab-4bf6-acd0-0b9681dd6ed4"
    },
    "tiles_906": {
      "__uuid__": "b0f2c3e0-efd8-42ec-882f-74eab82c562f"
    },
    "tiles_907": {
      "__uuid__": "38a3aac6-70d6-4a2e-b4da-ac2be1e1c161"
    },
    "tiles_908": {
      "__uuid__": "54dbf718-2939-4759-941a-9812e18b0e33"
    },
    "tiles_909": {
      "__uuid__": "6268ca27-aae6-4a2d-9e02-f45c0c0c6ac1"
    },
    "tiles_91": {
      "__uuid__": "a0337e9d-155f-4209-83d8-5abbf8a8d995"
    },
    "tiles_910": {
      "__uuid__": "cc057942-968e-4bb8-a5d6-7ed71f22b4af"
    },
    "tiles_911": {
      "__uuid__": "efa7944d-e48c-406b-820f-4dd9010bf747"
    },
    "tiles_912": {
      "__uuid__": "45e86b2f-d29b-41c8-becf-0696248de1ef"
    },
    "tiles_913": {
      "__uuid__": "284bec18-7a06-4c66-9a36-33ff9afcd4dd"
    },
    "tiles_914": {
      "__uuid__": "6cb17500-0195-42c3-9dbe-b763839b2be6"
    },
    "tiles_915": {
      "__uuid__": "e3f20f69-e5d6-42a8-8669-fab3bd3b8f7b"
    },
    "tiles_916": {
      "__uuid__": "fb640774-699f-4dc0-9ad6-44f1fac59c5e"
    },
    "tiles_917": {
      "__uuid__": "38775b15-8e43-4d62-81b6-00cc02194e2a"
    },
    "tiles_918": {
      "__uuid__": "dc5b1fc3-82e0-4072-bddf-24ec1c07b692"
    },
    "tiles_919": {
      "__uuid__": "060c6693-7cf7-49f0-94a0-eee6e8286dc9"
    },
    "tiles_92": {
      "__uuid__": "8692b835-c7a3-4740-81d3-d68adf02c725"
    },
    "tiles_920": {
      "__uuid__": "4e071e99-b285-4a30-851a-ca928f3b21a5"
    },
    "tiles_921": {
      "__uuid__": "39c9063b-e244-482d-8156-7d9ac09ba3b5"
    },
    "tiles_922": {
      "__uuid__": "b0e76abc-c69a-4fc9-a7f5-dcee5a83e944"
    },
    "tiles_923": {
      "__uuid__": "c54ff9ca-b84b-4628-87a1-762b035729d3"
    },
    "tiles_924": {
      "__uuid__": "7a19aa78-36fa-46ba-97c3-9f59b28505b7"
    },
    "tiles_925": {
      "__uuid__": "935cff98-6f1e-4c36-ab7e-999cbdd5d1c2"
    },
    "tiles_926": {
      "__uuid__": "fa85a70f-9386-4832-ae2e-f31341e9e1c2"
    },
    "tiles_927": {
      "__uuid__": "a156e2fc-8d59-49a4-a22b-3b82af76298d"
    },
    "tiles_928": {
      "__uuid__": "4af69453-0965-40c2-b164-60ef55563b5a"
    },
    "tiles_929": {
      "__uuid__": "2f95a43a-10ef-4a47-97a2-b5462f0bc464"
    },
    "tiles_93": {
      "__uuid__": "3e9df248-4c4b-42f3-853f-0d9ebc13b1a8"
    },
    "tiles_930": {
      "__uuid__": "5241e265-b84d-42f0-ac89-d2320c0b7eb5"
    },
    "tiles_931": {
      "__uuid__": "a470dae3-efee-41b7-8e2b-19e6fe0fcf28"
    },
    "tiles_932": {
      "__uuid__": "309d8840-641c-418c-8db5-213d75108c2b"
    },
    "tiles_933": {
      "__uuid__": "717a5c7d-42a6-4a42-87c8-3b3a05cdded9"
    },
    "tiles_934": {
      "__uuid__": "225ed802-c1d2-4073-8083-d7cfe101697b"
    },
    "tiles_935": {
      "__uuid__": "c8a8f8df-843b-4dec-9fd7-ef336b014bc5"
    },
    "tiles_936": {
      "__uuid__": "7bcc2eaf-8138-409b-a8f5-70ebe51d0477"
    },
    "tiles_937": {
      "__uuid__": "2b44c49f-def7-4d0e-80d6-50686a841036"
    },
    "tiles_938": {
      "__uuid__": "717ffbe3-b155-4171-8245-413363b31135"
    },
    "tiles_939": {
      "__uuid__": "80f90849-c900-41e7-aa39-4789ba3685ac"
    },
    "tiles_94": {
      "__uuid__": "361725cc-65b4-4414-80ad-254b2c656943"
    },
    "tiles_940": {
      "__uuid__": "799fe31e-aa3a-48e9-a4b8-7d3c1f9e7cac"
    },
    "tiles_941": {
      "__uuid__": "9fc5c769-4046-4764-aeec-d242d4b74c85"
    },
    "tiles_942": {
      "__uuid__": "7c96e0be-685a-4e40-926a-914c7358687a"
    },
    "tiles_943": {
      "__uuid__": "76ff3ba8-4ec4-4f4d-8611-eceaa8a4aff1"
    },
    "tiles_944": {
      "__uuid__": "815b7120-bce2-4b16-ba62-88d129305cc8"
    },
    "tiles_945": {
      "__uuid__": "a5b2c621-ca5e-47e8-8e8f-ac888fec2a04"
    },
    "tiles_946": {
      "__uuid__": "7ac9335a-79f1-4dd7-a687-45d82c8c865f"
    },
    "tiles_947": {
      "__uuid__": "4133d77e-4ad7-44ab-956a-9eaeaa34d158"
    },
    "tiles_948": {
      "__uuid__": "7831fd81-f401-45e3-a60e-d6d1e715c43c"
    },
    "tiles_949": {
      "__uuid__": "0ddd42fa-50de-4ff3-af4b-8869feaf1847"
    },
    "tiles_95": {
      "__uuid__": "76415893-2291-4bcf-a6d3-e3687e0e0411"
    },
    "tiles_950": {
      "__uuid__": "62ad713c-eb56-488f-8f6b-61c83a71a458"
    },
    "tiles_951": {
      "__uuid__": "571f2774-ef1d-45d8-80dd-cb89feb588b7"
    },
    "tiles_952": {
      "__uuid__": "df556607-e66e-47da-85a8-5a3e8d2ebd21"
    },
    "tiles_953": {
      "__uuid__": "718b5a51-76c5-4a09-a82c-08ea76cf300c"
    },
    "tiles_954": {
      "__uuid__": "81489036-ef23-4047-8469-2f259106cacf"
    },
    "tiles_955": {
      "__uuid__": "16125c6a-f6c1-47f9-aba1-58e9262f0ed5"
    },
    "tiles_956": {
      "__uuid__": "61e2dee2-3897-4027-99b6-9ef867c79b69"
    },
    "tiles_957": {
      "__uuid__": "aaf406cc-755d-472c-b636-5faa3c79b87a"
    },
    "tiles_958": {
      "__uuid__": "e6abffd8-dcf0-4355-9042-0ab31900b732"
    },
    "tiles_959": {
      "__uuid__": "d26d2220-1dc4-4c5f-bde6-6044155e7702"
    },
    "tiles_96": {
      "__uuid__": "a59c310e-712e-45f8-981d-d195aa73ca86"
    },
    "tiles_960": {
      "__uuid__": "cee06cff-282e-46cd-a8de-048d359d0f55"
    },
    "tiles_961": {
      "__uuid__": "4412ea51-a28e-4c81-ae6f-fae3240ca28a"
    },
    "tiles_962": {
      "__uuid__": "0bdeb368-1d95-4298-8fe2-edccb8df472c"
    },
    "tiles_963": {
      "__uuid__": "aadc2119-7fcb-4158-b666-9c66e007edee"
    },
    "tiles_964": {
      "__uuid__": "4034e6d4-66f6-4dd0-957c-7db9dcaa5c23"
    },
    "tiles_965": {
      "__uuid__": "6c0aa95a-83f4-4348-8164-44aa0342c7b4"
    },
    "tiles_966": {
      "__uuid__": "bba391a0-3056-4857-84d8-7d1e94fce5cf"
    },
    "tiles_967": {
      "__uuid__": "88cdc4be-9bcc-4792-a831-3653742a8104"
    },
    "tiles_968": {
      "__uuid__": "17a3ebda-c19f-4e17-b743-8f3c423d4af1"
    },
    "tiles_969": {
      "__uuid__": "7e97f492-01aa-41da-aee0-02cfa8cfb47e"
    },
    "tiles_97": {
      "__uuid__": "ab377185-99ff-4449-a3ea-aef439b4a493"
    },
    "tiles_970": {
      "__uuid__": "a2c7d524-1db9-4920-81c1-eee12bd52cf0"
    },
    "tiles_971": {
      "__uuid__": "f0129b23-23f5-4d00-b2e5-8c667f6ed389"
    },
    "tiles_972": {
      "__uuid__": "d8572611-ce86-4593-a137-26325f36e765"
    },
    "tiles_973": {
      "__uuid__": "9d8ef0d8-7a4a-4ad4-b9f4-2061456b4550"
    },
    "tiles_974": {
      "__uuid__": "a3df42cf-ebb2-4266-b086-6a3769e59c9e"
    },
    "tiles_975": {
      "__uuid__": "63ed78db-eb5f-4405-b77f-0dfd7d795648"
    },
    "tiles_976": {
      "__uuid__": "b35822f7-368b-45be-a575-ab90ebe4b313"
    },
    "tiles_977": {
      "__uuid__": "750a742e-8a47-4367-91a0-8f6cc405c0b9"
    },
    "tiles_978": {
      "__uuid__": "46249348-3ee4-4942-a9d9-68a6db05accc"
    },
    "tiles_979": {
      "__uuid__": "c90f9b81-8c84-485f-9f02-b684d2f71b48"
    },
    "tiles_98": {
      "__uuid__": "c2f47edb-0ce0-4304-a1b1-f9d27327aa9e"
    },
    "tiles_980": {
      "__uuid__": "b2ae7e67-1553-409e-8961-b627bf9dfa27"
    },
    "tiles_981": {
      "__uuid__": "331be180-a629-44fe-96a8-1b665e67e0c3"
    },
    "tiles_982": {
      "__uuid__": "1ea59574-1984-4f01-bcda-b6fa55844e22"
    },
    "tiles_983": {
      "__uuid__": "6fe54558-096c-4c08-a8ca-242065c5249b"
    },
    "tiles_984": {
      "__uuid__": "c62d6635-74e3-4799-9fd0-77f828c5100f"
    },
    "tiles_985": {
      "__uuid__": "50a4b5c6-565a-4ab7-8832-39f0b5d32241"
    },
    "tiles_986": {
      "__uuid__": "af561b9e-a613-42e1-89e2-22aea6212160"
    },
    "tiles_987": {
      "__uuid__": "baf21a12-4781-410c-bb42-e38143525681"
    },
    "tiles_988": {
      "__uuid__": "2fd27cad-556d-4947-893a-04007037aa7d"
    },
    "tiles_989": {
      "__uuid__": "3697cafd-a3c1-40c4-8ec8-db81a20dc443"
    },
    "tiles_99": {
      "__uuid__": "6a2ec5bf-e0c3-4082-a130-33df77474d82"
    },
    "tiles_990": {
      "__uuid__": "f81cce40-1561-46ab-99c4-8be2715cfde8"
    },
    "tiles_991": {
      "__uuid__": "a35144b6-63a2-4a58-9b75-aeef56f47e63"
    },
    "tiles_992": {
      "__uuid__": "6d8740c8-f94b-4c30-9631-2293a66cd2d4"
    },
    "tiles_993": {
      "__uuid__": "767572e3-201c-4fbc-82e0-886c44317432"
    },
    "tiles_994": {
      "__uuid__": "be88321a-2e25-4ba6-820f-345330bb7561"
    },
    "tiles_995": {
      "__uuid__": "c55191e9-ae14-4923-b146-0ed489c82006"
    },
    "tiles_996": {
      "__uuid__": "2e6fd617-f8ea-447d-97de-72a18def33b6"
    },
    "tiles_997": {
      "__uuid__": "d7239737-5fb7-4987-8173-c2bb519183e0"
    },
    "tiles_998": {
      "__uuid__": "42cf32bf-7694-4ccb-9559-735982b1292d"
    },
    "tiles_999": {
      "__uuid__": "05b5b065-3016-4142-bd52-191d85b4237e"
    }
  }
}