{
  "__type__": "cc.SpriteAtlas",
  "_name": "mario_big.plist",
  "_objFlags": 0,
  "_native": "",
  "_spriteFrames": {
    "mario_big_0": {
      "__uuid__": "11f0bc2a-2749-47d6-ab3b-d50dde218231"
    },
    "mario_big_1": {
      "__uuid__": "9b2372d3-70fd-4abe-9d86-c41fa100eee8"
    },
    "mario_big_10": {
      "__uuid__": "310f8a3a-5707-45d5-8999-bbadc715c295"
    },
    "mario_big_11": {
      "__uuid__": "9c25387e-ebf0-4aa8-8bcc-2d51ded26baa"
    },
    "mario_big_12": {
      "__uuid__": "975c3d92-311c-4eab-b159-087172670202"
    },
    "mario_big_13": {
      "__uuid__": "e15a7efa-c279-4e1e-8259-63dd8e0ca2f5"
    },
    "mario_big_14": {
      "__uuid__": "600a74b8-3e0a-4049-822d-5b3e05d10529"
    },
    "mario_big_15": {
      "__uuid__": "11f37c31-0b3c-4864-9e61-079a6b44eb77"
    },
    "mario_big_16": {
      "__uuid__": "f8d03c3a-2a74-4243-aa93-7d4b9eb43ffb"
    },
    "mario_big_17": {
      "__uuid__": "18a466f5-c779-405a-a59f-340e4f9eb644"
    },
    "mario_big_18": {
      "__uuid__": "b103f09a-133a-49be-a8b8-8993649253be"
    },
    "mario_big_19": {
      "__uuid__": "8b27c874-c550-41e7-8a2f-0272ba82f7fb"
    },
    "mario_big_2": {
      "__uuid__": "e5203708-d911-4b7f-8618-d30d86c35d48"
    },
    "mario_big_20": {
      "__uuid__": "fef1c2d0-9983-4661-8ab0-db397b305a90"
    },
    "mario_big_21": {
      "__uuid__": "acd7529c-c9f6-47b6-a608-681037ee6bab"
    },
    "mario_big_22": {
      "__uuid__": "2fdeb77e-4805-435f-b1e4-b1c32f513e9f"
    },
    "mario_big_23": {
      "__uuid__": "0d6d729d-e251-4a40-9fb3-2a514e813f79"
    },
    "mario_big_24": {
      "__uuid__": "0f0eb016-5311-49c0-9a75-0181204d6a59"
    },
    "mario_big_25": {
      "__uuid__": "770a3de8-3bdc-4393-a89e-b29010d4fc9f"
    },
    "mario_big_26": {
      "__uuid__": "738ad400-59fe-43eb-9dc8-3aa287eb9555"
    },
    "mario_big_27": {
      "__uuid__": "dafc2930-704d-48ce-a079-cbe2eef72f30"
    },
    "mario_big_28": {
      "__uuid__": "d59f5608-b227-44fd-899d-6f4636335582"
    },
    "mario_big_29": {
      "__uuid__": "829eef55-8af8-4c67-ba0a-a98a9a66487b"
    },
    "mario_big_3": {
      "__uuid__": "1bd6f28d-bb56-4695-84d0-b3aa498bcb2e"
    },
    "mario_big_30": {
      "__uuid__": "939fc760-94c4-4439-9eb1-d36080a9af97"
    },
    "mario_big_31": {
      "__uuid__": "d17c1175-ec38-4d21-ae24-3528106a61d9"
    },
    "mario_big_32": {
      "__uuid__": "be06fe4e-46c5-4059-b5d2-f741ee6677d8"
    },
    "mario_big_33": {
      "__uuid__": "54c803db-0906-4ee3-8d8a-eb6527d22cda"
    },
    "mario_big_34": {
      "__uuid__": "be60e206-2da1-4ea6-b6da-0ae641be7db0"
    },
    "mario_big_35": {
      "__uuid__": "55e4686b-bd70-4e2e-8b25-20bef80b3134"
    },
    "mario_big_36": {
      "__uuid__": "11d9058a-41cf-444e-873b-586112e7d9da"
    },
    "mario_big_37": {
      "__uuid__": "21c07947-3b8a-4993-86f3-e5d6bd664644"
    },
    "mario_big_38": {
      "__uuid__": "fa5b6224-63d1-4165-a498-8727c16d8dcd"
    },
    "mario_big_39": {
      "__uuid__": "88eee493-661c-45a8-ba75-ed2e4a632e5f"
    },
    "mario_big_4": {
      "__uuid__": "52b3649a-8636-4105-afaf-0facb78e4dda"
    },
    "mario_big_40": {
      "__uuid__": "1ef78f8c-5f0f-4494-9faf-e9170d95ad25"
    },
    "mario_big_41": {
      "__uuid__": "9db89d1a-06e6-466d-8623-799a2278a2a3"
    },
    "mario_big_42": {
      "__uuid__": "4015871f-def6-4713-b187-8b62ebfabe64"
    },
    "mario_big_43": {
      "__uuid__": "ba692ffc-d2a7-43a1-9462-8843e5fd487b"
    },
    "mario_big_44": {
      "__uuid__": "dcebe5d9-df24-465f-a216-2e0d04a4b769"
    },
    "mario_big_5": {
      "__uuid__": "0903c141-68a7-417c-8849-f8c2fae794e9"
    },
    "mario_big_6": {
      "__uuid__": "48020f6c-24a8-4fe2-912c-0f23168b6083"
    },
    "mario_big_7": {
      "__uuid__": "116b46a7-1871-4c02-b473-9e863a9b7b73"
    },
    "mario_big_8": {
      "__uuid__": "5a1d1de4-a7e6-4a01-aad4-c8578a4cd3af"
    },
    "mario_big_9": {
      "__uuid__": "629379ee-83ec-46b3-8c32-b80c88b46967"
    }
  }
}